allocation,allocation_strength,block_macs,block_types,counting_convention,delta_fid_vs_control,delta_gpu_hours_vs_control,delta_kid_vs_control,delta_precision_vs_control,delta_recall_vs_control,delta_train_loss_vs_control,delta_validation_loss_vs_control,delta_wall_seconds_vs_control,depth,distribution_metric_implementation,effective_batch_size_single_gpu,elapsed_human,epoch,epoch_progress_percent,epochs_completed,estimated_total_epochs,eta_human,eta_seconds,event,experiment,feature_cache_enabled,feature_dimension,feature_implementation,feature_implementation_version,feature_mode,fid,fid_implementation,fid_implementation_version,fid_mode,fid_reference,gate_mode,gflops_fma2,gmacs_per_image,gpu_hours,gradient_norm,group,hidden_size,image_size,interval_images_per_second,kid,kid_num_subsets,kid_seed,kid_subset_size,kid_subset_std,macs_per_image,max_steps,memory_b03_decay_mean,memory_b03_decay_std,memory_b03_decay_tq1,memory_b03_decay_tq2,memory_b03_decay_tq3,memory_b03_decay_tq4,memory_b03_erase_mean,memory_b03_erase_std,memory_b03_erase_tq1,memory_b03_erase_tq2,memory_b03_erase_tq3,memory_b03_erase_tq4,memory_b03_erase_write_abs_gap_mean,memory_b03_erase_write_abs_gap_std,memory_b03_erase_write_abs_gap_tq1,memory_b03_erase_write_abs_gap_tq2,memory_b03_erase_write_abs_gap_tq3,memory_b03_erase_write_abs_gap_tq4,memory_b03_gate_saturation_fraction_mean,memory_b03_gate_saturation_fraction_std,memory_b03_gate_saturation_fraction_tq1,memory_b03_gate_saturation_fraction_tq2,memory_b03_gate_saturation_fraction_tq3,memory_b03_gate_saturation_fraction_tq4,memory_b03_lambda_mean,memory_b03_lambda_std,memory_b03_lambda_tq1,memory_b03_lambda_tq2,memory_b03_lambda_tq3,memory_b03_lambda_tq4,memory_b03_output_rms_mean,memory_b03_output_rms_std,memory_b03_output_rms_tq1,memory_b03_output_rms_tq2,memory_b03_output_rms_tq3,memory_b03_output_rms_tq4,memory_b03_state_rms_mean,memory_b03_state_rms_std,memory_b03_state_rms_tq1,memory_b03_state_rms_tq2,memory_b03_state_rms_tq3,memory_b03_state_rms_tq4,memory_b03_write_mean,memory_b03_write_std,memory_b03_write_tq1,memory_b03_write_tq2,memory_b03_write_tq3,memory_b03_write_tq4,memory_b06_decay_mean,memory_b06_decay_std,memory_b06_decay_tq1,memory_b06_decay_tq2,memory_b06_decay_tq3,memory_b06_decay_tq4,memory_b06_erase_mean,memory_b06_erase_std,memory_b06_erase_tq1,memory_b06_erase_tq2,memory_b06_erase_tq3,memory_b06_erase_tq4,memory_b06_erase_write_abs_gap_mean,memory_b06_erase_write_abs_gap_std,memory_b06_erase_write_abs_gap_tq1,memory_b06_erase_write_abs_gap_tq2,memory_b06_erase_write_abs_gap_tq3,memory_b06_erase_write_abs_gap_tq4,memory_b06_gate_saturation_fraction_mean,memory_b06_gate_saturation_fraction_std,memory_b06_gate_saturation_fraction_tq1,memory_b06_gate_saturation_fraction_tq2,memory_b06_gate_saturation_fraction_tq3,memory_b06_gate_saturation_fraction_tq4,memory_b06_lambda_mean,memory_b06_lambda_std,memory_b06_lambda_tq1,memory_b06_lambda_tq2,memory_b06_lambda_tq3,memory_b06_lambda_tq4,memory_b06_output_rms_mean,memory_b06_output_rms_std,memory_b06_output_rms_tq1,memory_b06_output_rms_tq2,memory_b06_output_rms_tq3,memory_b06_output_rms_tq4,memory_b06_state_rms_mean,memory_b06_state_rms_std,memory_b06_state_rms_tq1,memory_b06_state_rms_tq2,memory_b06_state_rms_tq3,memory_b06_state_rms_tq4,memory_b06_write_mean,memory_b06_write_std,memory_b06_write_tq1,memory_b06_write_tq2,memory_b06_write_tq3,memory_b06_write_tq4,memory_b09_decay_mean,memory_b09_decay_std,memory_b09_decay_tq1,memory_b09_decay_tq2,memory_b09_decay_tq3,memory_b09_decay_tq4,memory_b09_erase_mean,memory_b09_erase_std,memory_b09_erase_tq1,memory_b09_erase_tq2,memory_b09_erase_tq3,memory_b09_erase_tq4,memory_b09_erase_write_abs_gap_mean,memory_b09_erase_write_abs_gap_std,memory_b09_erase_write_abs_gap_tq1,memory_b09_erase_write_abs_gap_tq2,memory_b09_erase_write_abs_gap_tq3,memory_b09_erase_write_abs_gap_tq4,memory_b09_gate_saturation_fraction_mean,memory_b09_gate_saturation_fraction_std,memory_b09_gate_saturation_fraction_tq1,memory_b09_gate_saturation_fraction_tq2,memory_b09_gate_saturation_fraction_tq3,memory_b09_gate_saturation_fraction_tq4,memory_b09_lambda_mean,memory_b09_lambda_std,memory_b09_lambda_tq1,memory_b09_lambda_tq2,memory_b09_lambda_tq3,memory_b09_lambda_tq4,memory_b09_output_rms_mean,memory_b09_output_rms_std,memory_b09_output_rms_tq1,memory_b09_output_rms_tq2,memory_b09_output_rms_tq3,memory_b09_output_rms_tq4,memory_b09_state_rms_mean,memory_b09_state_rms_std,memory_b09_state_rms_tq1,memory_b09_state_rms_tq2,memory_b09_state_rms_tq3,memory_b09_state_rms_tq4,memory_b09_write_mean,memory_b09_write_std,memory_b09_write_tq1,memory_b09_write_tq2,memory_b09_write_tq3,memory_b09_write_tq4,memory_b12_decay_mean,memory_b12_decay_std,memory_b12_decay_tq1,memory_b12_decay_tq2,memory_b12_decay_tq3,memory_b12_decay_tq4,memory_b12_erase_mean,memory_b12_erase_std,memory_b12_erase_tq1,memory_b12_erase_tq2,memory_b12_erase_tq3,memory_b12_erase_tq4,memory_b12_erase_write_abs_gap_mean,memory_b12_erase_write_abs_gap_std,memory_b12_erase_write_abs_gap_tq1,memory_b12_erase_write_abs_gap_tq2,memory_b12_erase_write_abs_gap_tq3,memory_b12_erase_write_abs_gap_tq4,memory_b12_gate_saturation_fraction_mean,memory_b12_gate_saturation_fraction_std,memory_b12_gate_saturation_fraction_tq1,memory_b12_gate_saturation_fraction_tq2,memory_b12_gate_saturation_fraction_tq3,memory_b12_gate_saturation_fraction_tq4,memory_b12_lambda_mean,memory_b12_lambda_std,memory_b12_lambda_tq1,memory_b12_lambda_tq2,memory_b12_lambda_tq3,memory_b12_lambda_tq4,memory_b12_output_rms_mean,memory_b12_output_rms_std,memory_b12_output_rms_tq1,memory_b12_output_rms_tq2,memory_b12_output_rms_tq3,memory_b12_output_rms_tq4,memory_b12_state_rms_mean,memory_b12_state_rms_std,memory_b12_state_rms_tq1,memory_b12_state_rms_tq2,memory_b12_state_rms_tq3,memory_b12_state_rms_tq4,memory_b12_write_mean,memory_b12_write_std,memory_b12_write_tq1,memory_b12_write_tq2,memory_b12_write_tq3,memory_b12_write_tq4,memory_backend,memory_block_indices,microbatches_consumed,mixer_macs,mlp_hidden_sizes,mlp_hidden_sum,num_heads,paired_control_group,parameters_mlp,parameters_total,parameters_trainable,patch_size,peak_allocated_mb,peak_reserved_mb,phase,precision,precision_recall_definition,precision_recall_distance_chunk_size,precision_recall_nearest_k,precision_recall_sample_count,precision_recall_seed,preview_failures,progress_percent,recall,recurrent_state_shape,reference,reference_count,reference_feature_cache_hit,sample_count,sample_feature_cache_hit,samples_seen,scan_directions,seed,skipped_updates,source,step,steps_remaining,tokens,train_loss,validation_failures,validation_loss,validation_loss_tq1,validation_loss_tq2,validation_loss_tq3,validation_loss_tq4,wall_seconds
uniform,0.0,"[504201216, 504201216, 504201216, 504201216, 504201216, 504201216, 504201216, 504201216, 504201216, 504201216, 504201216, 504201216]","['softmax_attention', 'softmax_attention', 'softmax_attention', 'softmax_attention', 'softmax_attention', 'softmax_attention', 'softmax_attention', 'softmax_attention', 'softmax_attention', 'softmax_attention', 'softmax_attention', 'softmax_attention']","analytic dense MACs per image; one multiply-accumulate=1 MAC; includes patch/timestep projections, mixer projections, softmax QK+AV or the operator-equivalent GDN2 state recurrence, FFN, adaLN and output projection; excludes bias, normalization, nonlinear activation, trigonometric embedding and additions",19.27392618855282,-0.28376102551080595,0.018255791029962526,0.0008000000000000229,-0.053600000000000037,-1.364387571811676e-05,0.00015245382785797346,-1021.5396923988592,12,dit-research-clean-fid-features,128,41m54s,143,24.751066856330013,142,142.2475106685633,00m00s,0.0,train,confirmation_a0_softmax_seed123,True,2048,clean-fid,0.1.35,clean,76.65618259708782,clean-fid,0.1.35,clean,cifar10-train-32,,12.10662912,6.05331456,0.6987614598524912,0.029612598940730095,e0_original,384,32,2592.902809295384,0.05694112738041085,100,0,1000,0.002032615792476405,6053314560,50000,,,,,,,,,,,,,,,,,,,,,,,,,,,,,,,,,,,,,,,,,,,,,,,,,,,,,,,,,,,,,,,,,,,,,,,,,,,,,,,,,,,,,,,,,,,,,,,,,,,,,,,,,,,,,,,,,,,,,,,,,,,,,,,,,,,,,,,,,,,,,,,,,,,,,,,,,,,,,,,,,,,,,,,,,,,,,,,,,,,,,,,,,,,,,,,,,,[],100000,"[201326592, 201326592, 201326592, 201326592, 201326592, 201326592, 201326592, 201326592, 201326592, 201326592, 201326592, 201326592]","[1536, 1536, 1536, 1536, 1536, 1536, 1536, 1536, 1536, 1536, 1536, 1536]",18432,6,m0_coupled,14178816,32475660,32475660,2,4359.40234375,4480.0,confirmation,0.5954,Kynkaanniemi-style-kNN-manifold-on-clean-fid-inception-features,1000,3,10000,0,0,100.0,0.2552,,cifar10-train,50000,True,50000,False,6400000,"[None, None, None, None, None, None, None, None, None, None, None, None]",123,0,outputs/confirmation_a0_softmax_seed123/final_metrics.json,50000,0,256,0.04583455063402653,0,0.03075547532439232,0.10126371817588806,0.018213192929293732,0.0032930248555745564,0.0003935571743872188,2515.541245274013
uniform,0.0,"[504201216, 504201216, 504201216, 504201216, 504201216, 504201216, 504201216, 504201216, 504201216, 504201216, 504201216, 504201216]","['softmax_attention', 'softmax_attention', 'softmax_attention', 'softmax_attention', 'softmax_attention', 'softmax_attention', 'softmax_attention', 'softmax_attention', 'softmax_attention', 'softmax_attention', 'softmax_attention', 'softmax_attention']","analytic dense MACs per image; one multiply-accumulate=1 MAC; includes patch/timestep projections, mixer projections, softmax QK+AV or the operator-equivalent GDN2 state recurrence, FFN, adaLN and output projection; excludes bias, normalization, nonlinear activation, trigonometric embedding and additions",-5.754775685023674,-0.28234814957948395,-0.00613113040225266,-0.010600000000000054,0.01899999999999999,-1.5555880963802338e-05,-0.0003148377120494872,-1016.4533386758994,12,dit-research-clean-fid-features,128,41m42s,143,24.751066856330013,142,142.2475106685633,00m00s,0.0,train,confirmation_a0_softmax_seed2026,True,2048,clean-fid,0.1.35,clean,79.41661694284716,clean-fid,0.1.35,clean,cifar10-train-32,,12.10662912,6.05331456,0.6955725255352445,0.017665989696979523,e0_original,384,32,2609.258468329059,0.05886937346945968,100,0,1000,0.0020339736615079466,6053314560,50000,,,,,,,,,,,,,,,,,,,,,,,,,,,,,,,,,,,,,,,,,,,,,,,,,,,,,,,,,,,,,,,,,,,,,,,,,,,,,,,,,,,,,,,,,,,,,,,,,,,,,,,,,,,,,,,,,,,,,,,,,,,,,,,,,,,,,,,,,,,,,,,,,,,,,,,,,,,,,,,,,,,,,,,,,,,,,,,,,,,,,,,,,,,,,,,,,,[],100000,"[201326592, 201326592, 201326592, 201326592, 201326592, 201326592, 201326592, 201326592, 201326592, 201326592, 201326592, 201326592]","[1536, 1536, 1536, 1536, 1536, 1536, 1536, 1536, 1536, 1536, 1536, 1536]",18432,6,m0_coupled,14178816,32475660,32475660,2,4359.40234375,4480.0,confirmation,0.5798,Kynkaanniemi-style-kNN-manifold-on-clean-fid-inception-features,1000,3,10000,0,0,100.0,0.2641,,cifar10-train,50000,True,50000,False,6400000,"[None, None, None, None, None, None, None, None, None, None, None, None]",2026,0,outputs/confirmation_a0_softmax_seed2026/final_metrics.json,50000,0,256,0.02136827912181616,0,0.03325381707549095,0.10858757891235975,0.017578531478204276,0.0033249264743590336,0.0004860441712396919,2504.0610815919936
uniform,0.0,"[504201216, 504201216, 504201216, 504201216, 504201216, 504201216, 504201216, 504201216, 504201216, 504201216, 504201216, 504201216]","['softmax_attention', 'softmax_attention', 'softmax_attention', 'softmax_attention', 'softmax_attention', 'softmax_attention', 'softmax_attention', 'softmax_attention', 'softmax_attention', 'softmax_attention', 'softmax_attention', 'softmax_attention']","analytic dense MACs per image; one multiply-accumulate=1 MAC; includes patch/timestep projections, mixer projections, softmax QK+AV or the operator-equivalent GDN2 state recurrence, FFN, adaLN and output projection; excludes bias, normalization, nonlinear activation, trigonometric embedding and additions",-9.753027934960983,-0.2902103565219375,-0.010505176310177382,-0.014700000000000046,0.04630000000000001,2.3701228201389313e-05,-0.0002613036215305328,-1044.7572840591893,12,dit-research-clean-fid-features,128,41m47s,143,24.751066856330013,142,142.2475106685633,00m00s,0.0,train,confirmation_a0_softmax_seed42,True,2048,clean-fid,0.1.35,clean,58.68952510944018,clean-fid,0.1.35,clean,cifar10-train-32,,12.10662912,6.05331456,0.6969993673672434,0.021956531330943108,e0_original,384,32,2613.6473179077893,0.03960328773357958,100,0,1000,0.001444605639933267,6053314560,50000,,,,,,,,,,,,,,,,,,,,,,,,,,,,,,,,,,,,,,,,,,,,,,,,,,,,,,,,,,,,,,,,,,,,,,,,,,,,,,,,,,,,,,,,,,,,,,,,,,,,,,,,,,,,,,,,,,,,,,,,,,,,,,,,,,,,,,,,,,,,,,,,,,,,,,,,,,,,,,,,,,,,,,,,,,,,,,,,,,,,,,,,,,,,,,,,,,[],100000,"[201326592, 201326592, 201326592, 201326592, 201326592, 201326592, 201326592, 201326592, 201326592, 201326592, 201326592, 201326592]","[1536, 1536, 1536, 1536, 1536, 1536, 1536, 1536, 1536, 1536, 1536, 1536]",18432,6,m0_coupled,14178816,32475660,32475660,2,4359.40234375,4480.0,confirmation,0.582,Kynkaanniemi-style-kNN-manifold-on-clean-fid-inception-features,1000,3,10000,0,0,100.0,0.3128,,cifar10-train,50000,False,50000,False,6400000,"[None, None, None, None, None, None, None, None, None, None, None, None]",42,0,outputs/confirmation_a0_softmax_seed42/final_metrics.json,50000,0,256,0.02998610958456993,0,0.031973147737979886,0.10661652443601455,0.01773429951169726,0.0032346012734285946,0.00029221499135940267,2509.1977121059317
uniform,0.0,"[504201216, 504201216, 504201216, 504201216, 504201216, 504201216, 504201216, 504201216, 504201216, 504201216, 504201216, 504201216]","['softmax_attention', 'softmax_attention', 'softmax_attention', 'softmax_attention', 'softmax_attention', 'softmax_attention', 'softmax_attention', 'softmax_attention', 'softmax_attention', 'softmax_attention', 'softmax_attention', 'softmax_attention']","analytic dense MACs per image; one multiply-accumulate=1 MAC; includes patch/timestep projections, mixer projections, softmax QK+AV or the operator-equivalent GDN2 state recurrence, FFN, adaLN and output projection; excludes bias, normalization, nonlinear activation, trigonometric embedding and additions",3.8609798268469717,-0.2823676658433396,0.0014536739457364223,-0.013700000000000045,0.03260000000000002,9.086448699235916e-05,-0.00022413272857665922,-1016.5235974681564,12,dit-research-clean-fid-features,128,41m57s,143,24.751066856330013,142,142.2475106685633,00m00s,0.0,train,confirmation_a0_softmax_seed777,True,2048,clean-fid,0.1.35,clean,64.9227950824482,clean-fid,0.1.35,clean,cifar10-train-32,,12.10662912,6.05331456,0.6996543742891582,0.02421613596379757,e0_original,384,32,2591.9814391563395,0.04396900145017643,100,0,1000,0.001732959384856519,6053314560,50000,,,,,,,,,,,,,,,,,,,,,,,,,,,,,,,,,,,,,,,,,,,,,,,,,,,,,,,,,,,,,,,,,,,,,,,,,,,,,,,,,,,,,,,,,,,,,,,,,,,,,,,,,,,,,,,,,,,,,,,,,,,,,,,,,,,,,,,,,,,,,,,,,,,,,,,,,,,,,,,,,,,,,,,,,,,,,,,,,,,,,,,,,,,,,,,,,,[],100000,"[201326592, 201326592, 201326592, 201326592, 201326592, 201326592, 201326592, 201326592, 201326592, 201326592, 201326592, 201326592]","[1536, 1536, 1536, 1536, 1536, 1536, 1536, 1536, 1536, 1536, 1536, 1536]",18432,6,m0_coupled,14178816,32475660,32475660,2,4359.40234375,4480.0,confirmation,0.5769,Kynkaanniemi-style-kNN-manifold-on-clean-fid-inception-features,1000,3,10000,0,0,100.0,0.306,,cifar10-train,50000,True,50000,False,6400000,"[None, None, None, None, None, None, None, None, None, None, None, None]",777,0,outputs/confirmation_a0_softmax_seed777/final_metrics.json,50000,0,256,0.02956908941268921,0,0.0308385932803154,0.10232868212728928,0.01782280532680722,0.0032537805726071773,0.0004018896936157066,2518.755736543797
uniform,0.0,"[504201216, 504201216, 504201216, 504201216, 504201216, 504201216, 504201216, 504201216, 504201216, 504201216, 504201216, 504201216]","['softmax_attention', 'softmax_attention', 'softmax_attention', 'softmax_attention', 'softmax_attention', 'softmax_attention', 'softmax_attention', 'softmax_attention', 'softmax_attention', 'softmax_attention', 'softmax_attention', 'softmax_attention']","analytic dense MACs per image; one multiply-accumulate=1 MAC; includes patch/timestep projections, mixer projections, softmax QK+AV or the operator-equivalent GDN2 state recurrence, FFN, adaLN and output projection; excludes bias, normalization, nonlinear activation, trigonometric embedding and additions",-4.445135165129102,-0.2804267507741719,-0.005070903471810044,-0.020299999999999985,0.02849999999999997,5.068257451057434e-05,-0.00021809509396553128,-1009.536302637076,12,dit-research-clean-fid-features,128,41m47s,143,24.751066856330013,142,142.2475106685633,00m00s,0.0,train,confirmation_a0_softmax_seed9001,True,2048,clean-fid,0.1.35,clean,59.70162435387107,clean-fid,0.1.35,clean,cifar10-train-32,,12.10662912,6.05331456,0.6969163470508324,0.019553130492568016,e0_original,384,32,2618.2619962840877,0.03983507679723851,100,0,1000,0.0016128891716688154,6053314560,50000,,,,,,,,,,,,,,,,,,,,,,,,,,,,,,,,,,,,,,,,,,,,,,,,,,,,,,,,,,,,,,,,,,,,,,,,,,,,,,,,,,,,,,,,,,,,,,,,,,,,,,,,,,,,,,,,,,,,,,,,,,,,,,,,,,,,,,,,,,,,,,,,,,,,,,,,,,,,,,,,,,,,,,,,,,,,,,,,,,,,,,,,,,,,,,,,,,[],100000,"[201326592, 201326592, 201326592, 201326592, 201326592, 201326592, 201326592, 201326592, 201326592, 201326592, 201326592, 201326592]","[1536, 1536, 1536, 1536, 1536, 1536, 1536, 1536, 1536, 1536, 1536, 1536]",18432,6,m0_coupled,14178816,32475660,32475660,2,4359.40234375,4480.0,confirmation,0.5827,Kynkaanniemi-style-kNN-manifold-on-clean-fid-inception-features,1000,3,10000,0,0,100.0,0.3223,,cifar10-train,50000,True,50000,False,6400000,"[None, None, None, None, None, None, None, None, None, None, None, None]",9001,0,outputs/confirmation_a0_softmax_seed9001/final_metrics.json,50000,0,256,0.02900657057762146,0,0.03252557069063187,0.10601037590876397,0.018141187178153616,0.00336076876091362,0.00032046054175637143,2508.8988390569575
uniform,0.0,"[493191168, 493191168, 501252128, 493191168, 493191168, 501252128, 493191168, 493191168, 501252128, 493191168, 493191168, 501252128]","['softmax_attention', 'softmax_attention', 'gdn2_memory', 'softmax_attention', 'softmax_attention', 'gdn2_memory', 'softmax_attention', 'softmax_attention', 'gdn2_memory', 'softmax_attention', 'softmax_attention', 'gdn2_memory']","analytic dense MACs per image; one multiply-accumulate=1 MAC; includes patch/timestep projections, mixer projections, softmax QK+AV or the operator-equivalent GDN2 state recurrence, FFN, adaLN and output projection; excludes bias, normalization, nonlinear activation, trigonometric embedding and additions",,,,,,,,,12,dit-research-clean-fid-features,128,58m55s,143,24.751066856330013,142,142.2475106685633,00m00s,0.0,train,confirmation_m0_coupled_seed123,True,2048,clean-fid,0.1.35,clean,57.382256408535,clean-fid,0.1.35,clean,cifar10-train-32,coupled,11.906875648,5.953437824,0.9825224853632971,0.03506781905889511,m0_coupled,384,32,1858.6571617453174,0.038685336350448324,100,0,1000,0.0015106389296445535,5953437824,50000,0.7772700190544128,0.014018435031175613,0.7604377269744873,0.7844367623329163,0.7859169244766235,0.7782042026519775,0.4263835847377777,0.017256442457437515,0.45132967829704285,0.427385151386261,0.41574448347091675,0.41116511821746826,0.0,0.0,0.0,0.0,0.0,0.0,0.001746797701343894,0.0018666050164029002,0.004044979345053434,0.0006212976877577603,0.0008570213685743511,0.0014666174538433552,0.0,0.0,0.0,0.0,0.0,0.0,0.2941988706588745,0.0327395461499691,0.30428168177604675,0.3271094262599945,0.2935776114463806,0.2518349587917328,0.3599908947944641,0.043721627444028854,0.34012681245803833,0.31934717297554016,0.35707563161849976,0.4235764443874359,0.4263835847377777,0.017256442457437515,0.45132967829704285,0.427385151386261,0.41574448347091675,0.41116511821746826,0.776141345500946,0.015634533017873764,0.7541441321372986,0.7761945724487305,0.7901612520217896,0.7838523983955383,0.44151249527931213,0.03130907192826271,0.48438435792922974,0.44955217838287354,0.4239031672477722,0.4083607494831085,0.0,0.0,0.0,0.0,0.0,0.0,0.003101283684372902,0.0057257795706391335,0.01065859105437994,0.0015127682127058506,5.521089406101964e-06,0.0002472605265211314,0.0,0.0,0.0,0.0,0.0,0.0,0.33775874972343445,0.03291068598628044,0.3544046878814697,0.36112913489341736,0.3365982174873352,0.2988453209400177,0.2582121789455414,0.028222275897860527,0.2547684609889984,0.2377336025238037,0.2439342737197876,0.2968084514141083,0.44151249527931213,0.03130907192826271,0.48438435792922974,0.44955217838287354,0.4239031672477722,0.4083607494831085,0.740696907043457,0.015392480418086052,0.7210502028465271,0.7486081719398499,0.7553062438964844,0.7375918626785278,0.5084437131881714,0.028628025203943253,0.5484312176704407,0.5141918063163757,0.49011334776878357,0.48123010993003845,0.0,0.0,0.0,0.0,0.0,0.0,0.0030455912929028273,0.007553303614258766,0.011773890815675259,0.0004130407760385424,5.5849159963372585e-08,0.0,0.0,0.0,0.0,0.0,0.0,0.0,0.35336652398109436,0.03754669427871704,0.392094224691391,0.37558186054229736,0.3406755030155182,0.30519333481788635,0.2946103513240814,0.02350606396794319,0.2948278784751892,0.27725979685783386,0.2795475125312805,0.32720011472702026,0.5084437131881714,0.028628025203943253,0.5484312176704407,0.5141918063163757,0.49011334776878357,0.48123010993003845,0.7081323862075806,0.016085514798760414,0.6849336624145508,0.7052462697029114,0.7194450497627258,0.7227749824523926,0.5104324221611023,0.017294395714998245,0.5349000096321106,0.5123650431632996,0.4991375505924225,0.4954426884651184,0.0,0.0,0.0,0.0,0.0,0.0,0.005608243867754936,0.007471495773643255,0.015290035866200924,0.0037612419109791517,0.0018839038675650954,0.0015155752189457417,0.0,0.0,0.0,0.0,0.0,0.0,0.23774601519107819,0.0186478141695261,0.25224342942237854,0.23107513785362244,0.23336251080036163,0.23428556323051453,0.2572806179523468,0.017709242179989815,0.2811111509799957,0.2613971531391144,0.24414540827274323,0.2426488846540451,0.5104324221611023,0.017294395714998245,0.5349000096321106,0.5123650431632996,0.4991375505924225,0.4954426884651184,fla,"[2, 5, 8, 11]",100000,"[201326592, 201326592, 209387552, 201326592, 201326592, 209387552, 201326592, 201326592, 209387552, 201326592, 201326592, 209387552]","[1480, 1480, 1480, 1480, 1480, 1480, 1480, 1480, 1480, 1480, 1480, 1480]",17760,6,,13662048,32475208,32475208,2,5360.16015625,5610.0,confirmation,0.5946,Kynkaanniemi-style-kNN-manifold-on-clean-fid-inception-features,1000,3,10000,0,0,100.0,0.3088,"[6, 64, 64]",cifar10-train,50000,True,50000,False,6400000,"[None, None, 'lr', None, None, 'rl', None, None, 'tb', None, None, 'bt']",123,0,outputs/confirmation_m0_coupled_seed123/final_metrics.json,50000,0,256,0.045848194509744644,0,0.030603021496534346,0.100845907330513,0.018105807084240574,0.003256503616404884,0.0003445553718068238,3537.080937672872
uniform,0.0,"[493191168, 493191168, 501252128, 493191168, 493191168, 501252128, 493191168, 493191168, 501252128, 493191168, 493191168, 501252128]","['softmax_attention', 'softmax_attention', 'gdn2_memory', 'softmax_attention', 'softmax_attention', 'gdn2_memory', 'softmax_attention', 'softmax_attention', 'gdn2_memory', 'softmax_attention', 'softmax_attention', 'gdn2_memory']","analytic dense MACs per image; one multiply-accumulate=1 MAC; includes patch/timestep projections, mixer projections, softmax QK+AV or the operator-equivalent GDN2 state recurrence, FFN, adaLN and output projection; excludes bias, normalization, nonlinear activation, trigonometric embedding and additions",,,,,,,,,12,dit-research-clean-fid-features,128,58m39s,143,24.751066856330013,142,142.2475106685633,00m00s,0.0,train,confirmation_m0_coupled_seed2026,True,2048,clean-fid,0.1.35,clean,85.17139262787083,clean-fid,0.1.35,clean,cifar10-train-32,coupled,11.906875648,5.953437824,0.9779206751147285,0.02088991552591324,m0_coupled,384,32,1866.500127504122,0.06500050387171234,100,0,1000,0.0022406758857085787,5953437824,50000,0.7721744179725647,0.012987730093300343,0.7545849680900574,0.775462806224823,0.7809165120124817,0.7784285545349121,0.4366374909877777,0.027793187648057938,0.47553735971450806,0.4404626190662384,0.41912078857421875,0.409699410200119,0.0,0.0,0.0,0.0,0.0,0.0,0.006883061025291681,0.002864939160645008,0.010263440199196339,0.005297421012073755,0.0057100579142570496,0.006136718206107616,0.0,0.0,0.0,0.0,0.0,0.0,0.3109346032142639,0.027224142104387283,0.3258011043071747,0.33378860354423523,0.30972811579704285,0.2733655273914337,0.42540696263313293,0.08328291028738022,0.34049272537231445,0.36967533826828003,0.4513600468635559,0.5447497963905334,0.4366374909877777,0.027793187648057938,0.47553735971450806,0.4404626190662384,0.41912078857421875,0.409699410200119,0.8387373685836792,0.006982592400163412,0.8293284177780151,0.8381836414337158,0.8440997004508972,0.8437381386756897,0.4484386742115021,0.03352980688214302,0.4939052164554596,0.45576784014701843,0.42843157052993774,0.413578599691391,0.0,0.0,0.0,0.0,0.0,0.0,0.008494550362229347,0.0031186393462121487,0.012265549972653389,0.006593838334083557,0.006569041404873133,0.008419841527938843,0.0,0.0,0.0,0.0,0.0,0.0,0.29150789976119995,0.03834640234708786,0.3186381757259369,0.3196071684360504,0.2890812158584595,0.236993208527565,0.37628594040870667,0.041380394250154495,0.35453465580940247,0.34875211119651794,0.3673717975616455,0.43605902791023254,0.4484386742115021,0.03352980688214302,0.4939052164554596,0.45576784014701843,0.42843157052993774,0.413578599691391,0.7473015189170837,0.02032681554555893,0.7221851944923401,0.756939172744751,0.763925313949585,0.7470249533653259,0.5342101454734802,0.025980623438954353,0.5703155398368835,0.5371375679969788,0.5169564485549927,0.5108464360237122,0.0,0.0,0.0,0.0,0.0,0.0,0.0060930256731808186,0.011164437048137188,0.02122926339507103,0.0019996112678200006,0.00032297158031724393,0.0002216566790593788,0.0,0.0,0.0,0.0,0.0,0.0,0.30690139532089233,0.03751055896282196,0.3383706510066986,0.3319580554962158,0.2989552617073059,0.25651106238365173,0.2822664678096771,0.02136753499507904,0.30238574743270874,0.2730790972709656,0.26051443815231323,0.29250994324684143,0.5342101454734802,0.025980623438954353,0.5703155398368835,0.5371375679969788,0.5169564485549927,0.5108464360237122,0.762025773525238,0.01809278130531311,0.7373166084289551,0.756115198135376,0.77409827709198,0.781715452671051,0.495576947927475,0.01550004631280899,0.5168612599372864,0.4978148937225342,0.48561832308769226,0.48106884956359863,0.0,0.0,0.0,0.0,0.0,0.0,0.0052599236369132996,0.010031966492533684,0.01901722326874733,0.001457512378692627,2.2082818759372458e-05,0.0,0.0,0.0,0.0,0.0,0.0,0.0,0.29463452100753784,0.023160409182310104,0.2825481593608856,0.2772625684738159,0.30277395248413086,0.31671056151390076,0.2809079587459564,0.017127729952335358,0.29941537976264954,0.28840258717536926,0.27119162678718567,0.2637271285057068,0.495576947927475,0.01550004631280899,0.5168612599372864,0.4978148937225342,0.48561832308769226,0.48106884956359863,fla,"[2, 5, 8, 11]",100000,"[201326592, 201326592, 209387552, 201326592, 201326592, 209387552, 201326592, 201326592, 209387552, 201326592, 201326592, 209387552]","[1480, 1480, 1480, 1480, 1480, 1480, 1480, 1480, 1480, 1480, 1480, 1480]",17760,6,,13662048,32475208,32475208,2,5360.16015625,5610.0,confirmation,0.5904,Kynkaanniemi-style-kNN-manifold-on-clean-fid-inception-features,1000,3,10000,0,0,100.0,0.2451,"[6, 64, 64]",cifar10-train,50000,True,50000,False,6400000,"[None, None, 'lr', None, None, 'rl', None, None, 'tb', None, None, 'bt']",2026,0,outputs/confirmation_m0_coupled_seed2026/final_metrics.json,50000,0,256,0.02138383500277996,0,0.03356865478754044,0.10953793670072526,0.017691678874326173,0.0034217918764478635,0.0005600760272835376,3520.514420267893
uniform,0.0,"[493191168, 493191168, 501252128, 493191168, 493191168, 501252128, 493191168, 493191168, 501252128, 493191168, 493191168, 501252128]","['softmax_attention', 'softmax_attention', 'gdn2_memory', 'softmax_attention', 'softmax_attention', 'gdn2_memory', 'softmax_attention', 'softmax_attention', 'gdn2_memory', 'softmax_attention', 'softmax_attention', 'gdn2_memory']","analytic dense MACs per image; one multiply-accumulate=1 MAC; includes patch/timestep projections, mixer projections, softmax QK+AV or the operator-equivalent GDN2 state recurrence, FFN, adaLN and output projection; excludes bias, normalization, nonlinear activation, trigonometric embedding and additions",,,,,,,,,12,dit-research-clean-fid-features,128,59m12s,143,24.751066856330013,142,142.2475106685633,00m00s,0.0,train,confirmation_m0_coupled_seed42,True,2048,clean-fid,0.1.35,clean,68.44255304440117,clean-fid,0.1.35,clean,cifar10-train-32,coupled,11.906875648,5.953437824,0.9872097238891809,0.021163105964660645,m0_coupled,384,32,1858.2945693261754,0.05010846404375696,100,0,1000,0.0017038115202073676,5953437824,50000,0.7715311050415039,0.018673166632652283,0.7448782920837402,0.7726585268974304,0.7828957438468933,0.785666823387146,0.4529925584793091,0.02591429464519024,0.4906606078147888,0.4548102915287018,0.4355626702308655,0.4309900999069214,0.0,0.0,0.0,0.0,0.0,0.0,0.003117258893325925,0.003910244442522526,0.008454437367618084,0.002427138155326247,0.0010056503815576434,0.0005839866353198886,0.0,0.0,0.0,0.0,0.0,0.0,0.29029983282089233,0.023843584582209587,0.30350324511528015,0.3116990923881531,0.28459423780441284,0.26170918345451355,0.36749109625816345,0.029068373143672943,0.3502769470214844,0.3424068093299866,0.37215712666511536,0.4047051668167114,0.4529925584793091,0.02591429464519024,0.4906606078147888,0.4548102915287018,0.4355626702308655,0.4309900999069214,0.7470972537994385,0.008755088783800602,0.7349808812141418,0.7476237416267395,0.7529602646827698,0.7528269290924072,0.45398983359336853,0.032931167632341385,0.49830761551856995,0.46476230025291443,0.43570148944854736,0.41741248965263367,0.0,0.0,0.0,0.0,0.0,0.0,0.005657255183905363,0.0065761469304561615,0.01530546322464943,0.0046949260868132114,0.0009523308835923672,0.0016658074455335736,0.0,0.0,0.0,0.0,0.0,0.0,0.3429754674434662,0.029265576973557472,0.36203327775001526,0.3664737045764923,0.3394450843334198,0.30438968539237976,0.25611135363578796,0.05208133906126022,0.22900202870368958,0.2155790776014328,0.2435707002878189,0.33521172404289246,0.45398983359336853,0.032931167632341385,0.49830761551856995,0.46476230025291443,0.43570148944854736,0.41741248965263367,0.7327938079833984,0.025703266263008118,0.6957513689994812,0.7362986207008362,0.7495660781860352,0.7495701313018799,0.5412890315055847,0.03594550862908363,0.5910365581512451,0.5524070262908936,0.5183511972427368,0.5035508871078491,0.0,0.0,0.0,0.0,0.0,0.0,0.0063445367850363255,0.01198295783251524,0.022540420293807983,0.0020685060881078243,0.0005537041579373181,0.00020546252198982984,0.0,0.0,0.0,0.0,0.0,0.0,0.42492324113845825,0.03715231642127037,0.46249935030937195,0.449630469083786,0.4104938507080078,0.3774917423725128,0.2351502627134323,0.02053159475326538,0.25787004828453064,0.22230562567710876,0.21676303446292877,0.2433449774980545,0.5412890315055847,0.03594550862908363,0.5910365581512451,0.5524070262908936,0.5183511972427368,0.5035508871078491,0.7135313153266907,0.029510734602808952,0.673953115940094,0.7005611062049866,0.7327779531478882,0.746647298336029,0.4773038923740387,0.01904062181711197,0.5030179023742676,0.4770120084285736,0.4658392667770386,0.4633711874485016,0.0,0.0,0.0,0.0,0.0,0.0,0.004893722012639046,0.009002722799777985,0.01745552569627762,0.0020893816836178303,2.1232479411992244e-05,0.0,0.0,0.0,0.0,0.0,0.0,0.0,0.17677223682403564,0.03065526857972145,0.19156113266944885,0.1545364409685135,0.17205791175365448,0.18868966400623322,0.29268762469291687,0.0356331393122673,0.3203401565551758,0.321221262216568,0.2777459919452667,0.25180405378341675,0.4773038923740387,0.01904062181711197,0.5030179023742676,0.4770120084285736,0.4658392667770386,0.4633711874485016,fla,"[2, 5, 8, 11]",100000,"[201326592, 201326592, 209387552, 201326592, 201326592, 209387552, 201326592, 201326592, 209387552, 201326592, 201326592, 209387552]","[1480, 1480, 1480, 1480, 1480, 1480, 1480, 1480, 1480, 1480, 1480, 1480]",17760,6,,13662048,32475208,32475208,2,5358.04296875,5580.0,confirmation,0.5967,Kynkaanniemi-style-kNN-manifold-on-clean-fid-inception-features,1000,3,10000,0,0,100.0,0.2665,"[6, 64, 64]",cifar10-train,50000,True,50000,False,6400000,"[None, None, 'lr', None, None, 'rl', None, None, 'tb', None, None, 'bt']",42,0,outputs/confirmation_m0_coupled_seed42/final_metrics.json,50000,0,256,0.02996240835636854,0,0.03223445135951042,0.10739682101421981,0.01782560229014662,0.003294597579217448,0.0004047453913135311,3553.954996165121
uniform,0.0,"[493191168, 493191168, 501252128, 493191168, 493191168, 501252128, 493191168, 493191168, 501252128, 493191168, 493191168, 501252128]","['softmax_attention', 'softmax_attention', 'gdn2_memory', 'softmax_attention', 'softmax_attention', 'gdn2_memory', 'softmax_attention', 'softmax_attention', 'gdn2_memory', 'softmax_attention', 'softmax_attention', 'gdn2_memory']","analytic dense MACs per image; one multiply-accumulate=1 MAC; includes patch/timestep projections, mixer projections, softmax QK+AV or the operator-equivalent GDN2 state recurrence, FFN, adaLN and output projection; excludes bias, normalization, nonlinear activation, trigonometric embedding and additions",,,,,,,,,12,dit-research-clean-fid-features,128,58m53s,143,24.751066856330013,142,142.2475106685633,00m00s,0.0,train,confirmation_m0_coupled_seed777,True,2048,clean-fid,0.1.35,clean,61.06181525560123,clean-fid,0.1.35,clean,cifar10-train-32,coupled,11.906875648,5.953437824,0.9820220401324978,0.020280884578824043,m0_coupled,384,32,1867.7511549166645,0.04251532750444001,100,0,1000,0.0017081305548186365,5953437824,50000,0.7834505438804626,0.0095308693125844,0.7710091471672058,0.7866966128349304,0.7900824546813965,0.7862159013748169,0.4317867159843445,0.017372196540236473,0.4571501910686493,0.43112441897392273,0.4203861355781555,0.4187321364879608,0.0,0.0,0.0,0.0,0.0,0.0,0.0011391456937417388,0.002179947216063738,0.003946051932871342,0.00024081263109110296,0.00016424570640083402,0.0002090977068291977,0.0,0.0,0.0,0.0,0.0,0.0,0.29006174206733704,0.03384353965520859,0.29490745067596436,0.32376188039779663,0.29676350951194763,0.2482282817363739,0.3480489253997803,0.04933838173747063,0.3264240622520447,0.3076859712600708,0.3366010785102844,0.4159889221191406,0.4317867159843445,0.017372196540236473,0.4571501910686493,0.43112441897392273,0.4203861355781555,0.4187321364879608,0.8154324293136597,0.012534665875136852,0.7977895140647888,0.8149846792221069,0.8248488306999207,0.8240456581115723,0.4705093502998352,0.028115419670939445,0.5095652937889099,0.4747462868690491,0.45183175802230835,0.44650518894195557,0.0,0.0,0.0,0.0,0.0,0.0,0.00295658758841455,0.004422083962708712,0.009126313962042332,0.0023522470146417618,0.0003163758956361562,7.61222472647205e-05,0.0,0.0,0.0,0.0,0.0,0.0,0.3434220850467682,0.03531631454825401,0.3664180040359497,0.37357422709465027,0.33994144201278687,0.2968974709510803,0.26917630434036255,0.020765412598848343,0.2714741826057434,0.2589528262615204,0.2573598325252533,0.2869850695133209,0.4705093502998352,0.028115419670939445,0.5095652937889099,0.4747462868690491,0.45183175802230835,0.44650518894195557,0.7752345204353333,0.026230067014694214,0.7368515729904175,0.7746881246566772,0.7928979396820068,0.796069324016571,0.49549999833106995,0.031056519597768784,0.5380656123161316,0.5037787556648254,0.4774512052536011,0.4638913571834564,0.0,0.0,0.0,0.0,0.0,0.0,0.003209654940292239,0.006775653455406427,0.012130940333008766,0.0007319300202652812,4.576773733333539e-07,0.0,0.0,0.0,0.0,0.0,0.0,0.0,0.3587939143180847,0.02135532721877098,0.37888550758361816,0.3679381012916565,0.3522709310054779,0.33723488450050354,0.3170902132987976,0.023249508813023567,0.32750236988067627,0.30453070998191833,0.2988351285457611,0.33516746759414673,0.49549999833106995,0.031056519597768784,0.5380656123161316,0.5037787556648254,0.4774512052536011,0.4638913571834564,0.7630131840705872,0.020359044894576073,0.7340620756149292,0.7569538950920105,0.7774783372879028,0.7829762101173401,0.47994333505630493,0.01461075060069561,0.5003662109375,0.4792710542678833,0.4705306887626648,0.46976685523986816,0.0,0.0,0.0,0.0,0.0,0.0,0.008995934389531612,0.009116800501942635,0.02274332195520401,0.009620850905776024,0.0029832180589437485,0.000856949423905462,0.0,0.0,0.0,0.0,0.0,0.0,0.13607992231845856,0.03579104319214821,0.17876222729682922,0.13444600999355316,0.11920291930437088,0.11255504190921783,0.27047085762023926,0.014831417240202427,0.28804150223731995,0.2767573297023773,0.26021867990493774,0.25722813606262207,0.47994333505630493,0.01461075060069561,0.5003662109375,0.4792710542678833,0.4705306887626648,0.46976685523986816,fla,"[2, 5, 8, 11]",100000,"[201326592, 201326592, 209387552, 201326592, 201326592, 209387552, 201326592, 201326592, 209387552, 201326592, 201326592, 209387552]","[1480, 1480, 1480, 1480, 1480, 1480, 1480, 1480, 1480, 1480, 1480, 1480]",17760,6,,13662048,32475208,32475208,2,5360.16015625,5610.0,confirmation,0.5906,Kynkaanniemi-style-kNN-manifold-on-clean-fid-inception-features,1000,3,10000,0,0,100.0,0.2734,"[6, 64, 64]",cifar10-train,50000,True,50000,False,6400000,"[None, None, 'lr', None, None, 'rl', None, None, 'tb', None, None, 'bt']",777,0,outputs/confirmation_m0_coupled_seed777/final_metrics.json,50000,0,256,0.02947822492569685,0,0.03106272600889206,0.10317216030298135,0.01785506884433107,0.003272548588293214,0.00040627868609123535,3535.2793340119533
uniform,0.0,"[493191168, 493191168, 501252128, 493191168, 493191168, 501252128, 493191168, 493191168, 501252128, 493191168, 493191168, 501252128]","['softmax_attention', 'softmax_attention', 'gdn2_memory', 'softmax_attention', 'softmax_attention', 'gdn2_memory', 'softmax_attention', 'softmax_attention', 'gdn2_memory', 'softmax_attention', 'softmax_attention', 'gdn2_memory']","analytic dense MACs per image; one multiply-accumulate=1 MAC; includes patch/timestep projections, mixer projections, softmax QK+AV or the operator-equivalent GDN2 state recurrence, FFN, adaLN and output projection; excludes bias, normalization, nonlinear activation, trigonometric embedding and additions",,,,,,,,,12,dit-research-clean-fid-features,128,58m37s,143,24.751066856330013,142,142.2475106685633,00m00s,0.0,train,confirmation_m0_coupled_seed9001,True,2048,clean-fid,0.1.35,clean,64.14675951900017,clean-fid,0.1.35,clean,cifar10-train-32,coupled,11.906875648,5.953437824,0.9773430978250043,0.021281564608216286,m0_coupled,384,32,1868.9760434863647,0.04490598026904855,100,0,1000,0.0017699479184765039,5953437824,50000,0.6890966892242432,0.01858598180115223,0.664260745048523,0.6886395215988159,0.6998605728149414,0.7046394944190979,0.4552003741264343,0.020458707585930824,0.4843934178352356,0.45182445645332336,0.44102731347084045,0.44258615374565125,0.0,0.0,0.0,0.0,0.0,0.0,0.005820552818477154,0.006269793026149273,0.014308461919426918,0.006019120570272207,0.002247791038826108,0.00035654078237712383,0.0,0.0,0.0,0.0,0.0,0.0,0.2944141626358032,0.026945622637867928,0.30326613783836365,0.32249096035957336,0.28929439187049866,0.2608890235424042,0.29239439964294434,0.03214102238416672,0.2602101266384125,0.271510511636734,0.3026432693004608,0.33759599924087524,0.4552003741264343,0.020458707585930824,0.4843934178352356,0.45182445645332336,0.44102731347084045,0.44258615374565125,0.7619913816452026,0.010833353735506535,0.7468215823173523,0.763108491897583,0.770330548286438,0.7682238817214966,0.4781359136104584,0.029254628345370293,0.5184281468391418,0.4837331473827362,0.46014803647994995,0.4483603239059448,0.0,0.0,0.0,0.0,0.0,0.0,0.003422066103667021,0.0040434482507407665,0.008881255984306335,0.003823465434834361,0.0007484660600312054,3.064316842937842e-06,0.0,0.0,0.0,0.0,0.0,0.0,0.3099578619003296,0.026211313903331757,0.32614216208457947,0.3269416391849518,0.3059353232383728,0.2792738378047943,0.270646870136261,0.022013986483216286,0.26942378282546997,0.25543349981307983,0.2599967420101166,0.29873621463775635,0.4781359136104584,0.029254628345370293,0.5184281468391418,0.4837331473827362,0.46014803647994995,0.4483603239059448,0.7949023842811584,0.019927021116018295,0.766216516494751,0.7988339066505432,0.8114883899688721,0.8039455413818359,0.5129140615463257,0.03363120183348656,0.5594866871833801,0.5193535685539246,0.49091804027557373,0.4797550141811371,0.0,0.0,0.0,0.0,0.0,0.0,0.012341140769422054,0.017153574153780937,0.037962768226861954,0.008985011838376522,0.0010851460974663496,0.00047808350063860416,0.0,0.0,0.0,0.0,0.0,0.0,0.35902661085128784,0.04703716188669205,0.4013478755950928,0.3912743628025055,0.3475528657436371,0.29252639412879944,0.2826387584209442,0.0239355880767107,0.2973310351371765,0.2705542743206024,0.2619209289550781,0.301019549369812,0.5129140615463257,0.03363120183348656,0.5594866871833801,0.5193535685539246,0.49091804027557373,0.4797550141811371,0.7543961405754089,0.016981380060315132,0.731151819229126,0.7493857145309448,0.7663429379463196,0.7718448042869568,0.4417038857936859,0.017447516322135925,0.46459367871284485,0.4389522075653076,0.4313453733921051,0.43115514516830444,0.0,0.0,0.0,0.0,0.0,0.0,0.010868462733924389,0.009135294705629349,0.024427535012364388,0.01168491505086422,0.004574134014546871,0.0022136676125228405,0.0,0.0,0.0,0.0,0.0,0.0,0.15216223895549774,0.02978065423667431,0.18503621220588684,0.1449558138847351,0.13942955434322357,0.13824443519115448,0.35288602113723755,0.025773029774427414,0.3397395610809326,0.36018234491348267,0.35194480419158936,0.3599615693092346,0.4417038857936859,0.017447516322135925,0.46459367871284485,0.4389522075653076,0.4313453733921051,0.43115514516830444,fla,"[2, 5, 8, 11]",100000,"[201326592, 201326592, 209387552, 201326592, 201326592, 209387552, 201326592, 201326592, 209387552, 201326592, 201326592, 209387552]","[1480, 1480, 1480, 1480, 1480, 1480, 1480, 1480, 1480, 1480, 1480, 1480]",17760,6,,13662048,32475208,32475208,2,5360.16015625,5610.0,confirmation,0.603,Kynkaanniemi-style-kNN-manifold-on-clean-fid-inception-features,1000,3,10000,0,0,100.0,0.2938,"[6, 64, 64]",cifar10-train,50000,True,50000,False,6400000,"[None, None, 'lr', None, None, 'rl', None, None, 'tb', None, None, 'bt']",9001,0,outputs/confirmation_m0_coupled_seed9001/final_metrics.json,50000,0,256,0.028955888003110886,0,0.0327436657845974,0.10667589519872313,0.018236206463154624,0.003411933726261437,0.00036888121102204537,3518.4351416940335
uniform,0.0,"[493191168, 493191168, 501252128, 493191168, 493191168, 501252128, 493191168, 493191168, 501252128, 493191168, 493191168, 501252128]","['softmax_attention', 'softmax_attention', 'gdn2_memory', 'softmax_attention', 'softmax_attention', 'gdn2_memory', 'softmax_attention', 'softmax_attention', 'gdn2_memory', 'softmax_attention', 'softmax_attention', 'gdn2_memory']","analytic dense MACs per image; one multiply-accumulate=1 MAC; includes patch/timestep projections, mixer projections, softmax QK+AV or the operator-equivalent GDN2 state recurrence, FFN, adaLN and output projection; excludes bias, normalization, nonlinear activation, trigonometric embedding and additions",2.0938303158910685,-0.004399978589370024,0.0018643745151282684,0.008499999999999952,-0.0047000000000000375,-8.926168084144592e-05,-3.5860753059384354e-05,-15.839923742925748,12,dit-research-clean-fid-features,128,58m39s,143,24.751066856330013,142,142.2475106685633,00m00s,0.0,train,confirmation_m1_separated_seed123,True,2048,clean-fid,0.1.35,clean,59.47608672442607,clean-fid,0.1.35,clean,cifar10-train-32,separated,11.906875648,5.953437824,0.9781225067739271,0.033411961048841476,m1_separated,384,32,1871.075995396241,0.04054971086557659,100,0,1000,0.001548962766474399,5953437824,50000,0.7893120050430298,0.017815575003623962,0.7642548084259033,0.7916806936264038,0.8015754222869873,0.7996091842651367,0.3762660026550293,0.09269028156995773,0.5081218481063843,0.39328765869140625,0.3196185529232025,0.2845524847507477,0.29753240942955017,0.016782337799668312,0.3193468749523163,0.29299721121788025,0.2863725423812866,0.2915326654911041,0.03949013724923134,0.011491291224956512,0.05530428886413574,0.03875138238072395,0.029955821111798286,0.034083835780620575,1.0,0.0,1.0,1.0,1.0,1.0,0.3256232440471649,0.02707045152783394,0.3281657099723816,0.3548031747341156,0.3270348012447357,0.2924957275390625,0.3509274423122406,0.07495718449354172,0.2745586037635803,0.30544185638427734,0.36236268281936646,0.461582213640213,0.4359121024608612,0.0075673749670386314,0.4436499774456024,0.4393409490585327,0.4333287179470062,0.4273434281349182,0.8082718253135681,0.013930998742580414,0.7892041206359863,0.8044555187225342,0.8189281821250916,0.8203496932983398,0.4004277288913727,0.09835148602724075,0.5304937362670898,0.42243438959121704,0.3450382947921753,0.30425241589546204,0.32080700993537903,0.015292930416762829,0.33856406807899475,0.3199364244937897,0.3099862039089203,0.3148960769176483,0.03093891218304634,0.012768996879458427,0.04356040805578232,0.02587251551449299,0.022431638091802597,0.032013941556215286,1.0,0.0,1.0,1.0,1.0,1.0,0.3533676564693451,0.02866612747311592,0.3702792525291443,0.37026891112327576,0.3498575985431671,0.3230573832988739,0.2747141420841217,0.0540466234087944,0.23532606661319733,0.2401876002550125,0.26577675342559814,0.3580920100212097,0.4286753833293915,0.009229032322764397,0.43937185406684875,0.43074625730514526,0.42519301176071167,0.4194016456604004,0.7642237544059753,0.012160556390881538,0.7510140538215637,0.7720910310745239,0.7740004062652588,0.7596415877342224,0.48860234022140503,0.07140570878982544,0.5869609117507935,0.5064504146575928,0.4451669752597809,0.4162631034851074,0.31465664505958557,0.018822791054844856,0.3415437340736389,0.3173038065433502,0.2997288703918457,0.3002515733242035,0.032262325286865234,0.03658878803253174,0.08668071776628494,0.02946648560464382,0.00742321228608489,0.005710699129849672,1.0,0.0,1.0,1.0,1.0,1.0,0.3564754128456116,0.03855567052960396,0.3959619700908661,0.3794260025024414,0.3437402844429016,0.306848406791687,0.2783631980419159,0.03306686133146286,0.25647515058517456,0.25693899393081665,0.2736818194389343,0.3266352117061615,0.4937933385372162,0.012008889578282833,0.5099062323570251,0.4952041208744049,0.48663297295570374,0.4834985136985779,0.7103783488273621,0.01210405770689249,0.6940699219703674,0.7065996527671814,0.7188289761543274,0.721904456615448,0.6087437272071838,0.04212823137640953,0.6668312549591064,0.6164985299110413,0.5815257430076599,0.57041335105896,0.34391599893569946,0.020055413246154785,0.3721578121185303,0.3481951057910919,0.33024969696998596,0.32521817088127136,0.04525995999574661,0.033833324909210205,0.09405114501714706,0.0505562424659729,0.022009925916790962,0.014677744358778,1.0,0.0,1.0,1.0,1.0,1.0,0.2093205749988556,0.021609634160995483,0.22786030173301697,0.20272302627563477,0.2036166787147522,0.2030676007270813,0.22983412444591522,0.012565388344228268,0.24492090940475464,0.22858011722564697,0.21786046028137207,0.22818602621555328,0.4599718749523163,0.004603200126439333,0.465729683637619,0.45835545659065247,0.45754748582839966,0.45827025175094604,fla,"[2, 5, 8, 11]",100000,"[201326592, 201326592, 209387552, 201326592, 201326592, 209387552, 201326592, 201326592, 209387552, 201326592, 201326592, 209387552]","[1480, 1480, 1480, 1480, 1480, 1480, 1480, 1480, 1480, 1480, 1480, 1480]",17760,6,m0_coupled,13662048,32475208,32475208,2,5360.16015625,5610.0,confirmation,0.6031,Kynkaanniemi-style-kNN-manifold-on-clean-fid-inception-features,1000,3,10000,0,0,100.0,0.3041,"[6, 64, 64]",cifar10-train,50000,True,50000,False,6400000,"[None, None, 'lr', None, None, 'rl', None, None, 'tb', None, None, 'bt']",123,0,outputs/confirmation_m1_separated_seed123/final_metrics.json,50000,0,256,0.0457589328289032,0,0.03056716074347496,0.10066388541460038,0.01809664406364597,0.0032807242249449095,0.0003676933514163247,3521.2410139299463
uniform,0.0,"[493191168, 493191168, 501252128, 493191168, 493191168, 501252128, 493191168, 493191168, 501252128, 493191168, 493191168, 501252128]","['softmax_attention', 'softmax_attention', 'gdn2_memory', 'softmax_attention', 'softmax_attention', 'gdn2_memory', 'softmax_attention', 'softmax_attention', 'gdn2_memory', 'softmax_attention', 'softmax_attention', 'gdn2_memory']","analytic dense MACs per image; one multiply-accumulate=1 MAC; includes patch/timestep projections, mixer projections, softmax QK+AV or the operator-equivalent GDN2 state recurrence, FFN, adaLN and output projection; excludes bias, normalization, nonlinear activation, trigonometric embedding and additions",-0.4735836248451619,0.0007319723783035803,-0.0009674681155553005,-0.0034000000000000696,-0.01770000000000002,-5.9604644775390625e-05,-5.532209873199828e-05,2.6351006019394845,12,dit-research-clean-fid-features,128,58m41s,143,24.751066856330013,142,142.2475106685633,00m00s,0.0,train,confirmation_m1_separated_seed2026,True,2048,clean-fid,0.1.35,clean,84.69780900302567,clean-fid,0.1.35,clean,cifar10-train-32,separated,11.906875648,5.953437824,0.978652647493032,0.020615004003047943,m1_separated,384,32,1873.1741371988262,0.06403303575615704,100,0,1000,0.002286964194787017,5953437824,50000,0.8030363917350769,0.006436243187636137,0.7962779402732849,0.8071678280830383,0.8065280914306641,0.8023926615715027,0.3813988268375397,0.07227304577827454,0.48462408781051636,0.39092281460762024,0.33379077911376953,0.3116897642612457,0.3101824223995209,0.010484198108315468,0.32359910011291504,0.30557000637054443,0.3056003153324127,0.3054388165473938,0.05016237869858742,0.006782235577702522,0.05690235272049904,0.04669972509145737,0.047864530235528946,0.048938654363155365,1.0,0.0,1.0,1.0,1.0,1.0,0.3052046000957489,0.036793824285268784,0.331560879945755,0.33515894412994385,0.29920312762260437,0.2532329857349396,0.4825441241264343,0.11004230380058289,0.36945921182632446,0.4180319905281067,0.5159443020820618,0.6327968835830688,0.421699196100235,0.00850647035986185,0.43293461203575134,0.4221634268760681,0.4169929623603821,0.41421210765838623,0.8520486354827881,0.005803156178444624,0.8443171977996826,0.8511903285980225,0.8565708994865417,0.856450080871582,0.4015902280807495,0.08166594803333282,0.5105842351913452,0.41718655824661255,0.3544158637523651,0.3192300796508789,0.32120779156684875,0.007779049687087536,0.3274521827697754,0.3191494047641754,0.3158601224422455,0.3221621513366699,0.040188297629356384,0.00980082992464304,0.05034056305885315,0.03740641847252846,0.033437177538871765,0.03920098766684532,1.0,0.0,1.0,1.0,1.0,1.0,0.32315564155578613,0.03310435637831688,0.3442143201828003,0.35062354803085327,0.319706529378891,0.27667978405952454,0.4029349386692047,0.05901869386434555,0.3555479049682617,0.3686761260032654,0.4007318913936615,0.4896181523799896,0.4550730288028717,0.010153139010071754,0.46809086203575134,0.4555859863758087,0.4497207999229431,0.4463216960430145,0.7590581774711609,0.015289519913494587,0.7505792379379272,0.7742627859115601,0.7658917903900146,0.7455928921699524,0.5052199363708496,0.07923877239227295,0.6154682636260986,0.525257408618927,0.4504762291908264,0.4246908724308014,0.30305585265159607,0.020076576620340347,0.33043351769447327,0.3096596598625183,0.286577433347702,0.2843221426010132,0.041970640420913696,0.04104573652148247,0.1032479926943779,0.03630661591887474,0.012099241837859154,0.01371071208268404,1.0,0.0,1.0,1.0,1.0,1.0,0.30036821961402893,0.06444867700338364,0.36480364203453064,0.34419918060302734,0.27537471055984497,0.21360331773757935,0.29228657484054565,0.037483636289834976,0.274055153131485,0.2657298743724823,0.2811066508293152,0.34967029094696045,0.5363710522651672,0.010234996676445007,0.5503438711166382,0.5337141156196594,0.529543936252594,0.5313295722007751,0.7713701725006104,0.015962764620780945,0.7511274814605713,0.763617992401123,0.7811189889907837,0.7905973196029663,0.5192097425460815,0.04607503488659859,0.5820342898368835,0.5229594111442566,0.49014151096343994,0.47895655035972595,0.3043574094772339,0.03587662801146507,0.35179486870765686,0.3187418580055237,0.2825562655925751,0.26208168268203735,0.029208693653345108,0.03451022133231163,0.07958002388477325,0.029977811500430107,0.004776930436491966,0.0003448046918492764,1.0,0.0,1.0,1.0,1.0,1.0,0.25196462869644165,0.02753368951380253,0.24673408269882202,0.23160646855831146,0.2563382387161255,0.27369654178619385,0.3145861029624939,0.02654755674302578,0.3134033679962158,0.3386404812335968,0.31301721930503845,0.2929857671260834,0.4299093782901764,0.007628173567354679,0.4346325993537903,0.4250805675983429,0.42803341150283813,0.4317599833011627,fla,"[2, 5, 8, 11]",100000,"[201326592, 201326592, 209387552, 201326592, 201326592, 209387552, 201326592, 201326592, 209387552, 201326592, 201326592, 209387552]","[1480, 1480, 1480, 1480, 1480, 1480, 1480, 1480, 1480, 1480, 1480, 1480]",17760,6,m0_coupled,13662048,32475208,32475208,2,5360.16015625,5610.0,confirmation,0.587,Kynkaanniemi-style-kNN-manifold-on-clean-fid-inception-features,1000,3,10000,0,0,100.0,0.2274,"[6, 64, 64]",cifar10-train,50000,True,50000,False,6400000,"[None, None, 'lr', None, None, 'rl', None, None, 'tb', None, None, 'bt']",2026,0,outputs/confirmation_m1_separated_seed2026/final_metrics.json,50000,0,256,0.02132423035800457,0,0.03351333268880844,0.10935578857943949,0.01767565008928554,0.0034192782195583645,0.0005443641742670145,3523.1495208698325
uniform,0.0,"[493191168, 493191168, 501252128, 493191168, 493191168, 501252128, 493191168, 493191168, 501252128, 493191168, 493191168, 501252128]","['softmax_attention', 'softmax_attention', 'gdn2_memory', 'softmax_attention', 'softmax_attention', 'gdn2_memory', 'softmax_attention', 'softmax_attention', 'gdn2_memory', 'softmax_attention', 'softmax_attention', 'gdn2_memory']","analytic dense MACs per image; one multiply-accumulate=1 MAC; includes patch/timestep projections, mixer projections, softmax QK+AV or the operator-equivalent GDN2 state recurrence, FFN, adaLN and output projection; excludes bias, normalization, nonlinear activation, trigonometric embedding and additions",-0.7133023962906009,-0.008537247305309026,-0.0005724032621364644,0.0009000000000000119,-0.013500000000000012,1.4382414519786835e-05,-1.0119771957396717e-05,-30.734091269085184,12,dit-research-clean-fid-features,128,58m41s,143,24.751066856330013,142,142.2475106685633,00m00s,0.0,train,confirmation_m1_separated_seed42,True,2048,clean-fid,0.1.35,clean,67.72925064811056,clean-fid,0.1.35,clean,cifar10-train-32,separated,11.906875648,5.953437824,0.9786724765838719,0.021024005487561226,m1_separated,384,32,1873.869072347765,0.0495360607816205,100,0,1000,0.0017261556606162501,5953437824,50000,0.7767555713653564,0.010736637748777866,0.7622180581092834,0.777917742729187,0.782608151435852,0.7842653393745422,0.40889373421669006,0.0805385634303093,0.5275014638900757,0.41095662117004395,0.35394158959388733,0.34329262375831604,0.31577810645103455,0.007158567663282156,0.3212851583957672,0.31313589215278625,0.31600868701934814,0.31270861625671387,0.045116227120161057,0.009333889931440353,0.05594630911946297,0.04540187492966652,0.042419757694005966,0.036756739020347595,1.0,0.0,1.0,1.0,1.0,1.0,0.3322444558143616,0.021045183762907982,0.33304765820503235,0.35499119758605957,0.33217060565948486,0.30908146500587463,0.38560715317726135,0.038311414420604706,0.3611408472061157,0.36023738980293274,0.3890000879764557,0.43152764439582825,0.4335663914680481,0.00865925196558237,0.4459978938102722,0.4324723184108734,0.42747724056243896,0.42830610275268555,0.7727066874504089,0.005699520464986563,0.7649880051612854,0.7724596261978149,0.7764389514923096,0.776934027671814,0.37751561403274536,0.08981148153543472,0.5003513097763062,0.3951624631881714,0.3235545754432678,0.2913849353790283,0.33607420325279236,0.010855338536202908,0.34900203347206116,0.3337322175502777,0.3310089409351349,0.3305509686470032,0.07230643182992935,0.008003609254956245,0.07417964190244675,0.0692991241812706,0.07059044390916824,0.07510000467300415,1.0,0.0,1.0,1.0,1.0,1.0,0.3559744656085968,0.024379858747124672,0.3701747953891754,0.37452635169029236,0.35502979159355164,0.3245430886745453,0.2923222780227661,0.06987936049699783,0.23779474198818207,0.249000683426857,0.28336817026138306,0.3977978825569153,0.44243866205215454,0.011157252825796604,0.45702189207077026,0.4441753923892975,0.43583717942237854,0.43275782465934753,0.7405188083648682,0.02157158963382244,0.7102436423301697,0.7393952012062073,0.7551020979881287,0.7573078870773315,0.5048433542251587,0.09205412864685059,0.6319413185119629,0.5316791534423828,0.4478209614753723,0.4084271788597107,0.32384413480758667,0.01693722791969776,0.344786673784256,0.3333813548088074,0.3134702742099762,0.3038685619831085,0.039044853299856186,0.03694562241435051,0.09345230460166931,0.0367824025452137,0.01529067661613226,0.010694582015275955,1.0,0.0,1.0,1.0,1.0,1.0,0.40908434987068176,0.044149477034807205,0.4565119445323944,0.437849760055542,0.3895983099937439,0.35285094380378723,0.26267874240875244,0.029140692204236984,0.247983917593956,0.24210475385189056,0.2559210956096649,0.30413851141929626,0.5163733959197998,0.019071118906140327,0.5427345633506775,0.5204960703849792,0.5052378177642822,0.4971228539943695,0.7375035285949707,0.023081297054886818,0.7072434425354004,0.7263486385345459,0.7524935603141785,0.7637753486633301,0.560587465763092,0.05602774769067764,0.6393166780471802,0.5680100917816162,0.5248005986213684,0.5103960633277893,0.3551851511001587,0.02745659649372101,0.39078423380851746,0.3685861825942993,0.3389523923397064,0.32263028621673584,0.050431616604328156,0.045796606689691544,0.1171489804983139,0.06043615937232971,0.017956441268324852,0.006337597034871578,1.0,0.0,1.0,1.0,1.0,1.0,0.15186554193496704,0.03152349218726158,0.1828325241804123,0.13794571161270142,0.1377258598804474,0.1487983763217926,0.31883248686790466,0.03251129016280174,0.3222672939300537,0.3476116955280304,0.3178086280822754,0.2880435585975647,0.4450894296169281,0.00826299749314785,0.4529017508029938,0.4396379292011261,0.4420231282711029,0.4457389712333679,fla,"[2, 5, 8, 11]",100000,"[201326592, 201326592, 209387552, 201326592, 201326592, 209387552, 201326592, 201326592, 209387552, 201326592, 201326592, 209387552]","[1480, 1480, 1480, 1480, 1480, 1480, 1480, 1480, 1480, 1480, 1480, 1480]",17760,6,m0_coupled,13662048,32475208,32475208,2,5360.16015625,5610.0,confirmation,0.5976,Kynkaanniemi-style-kNN-manifold-on-clean-fid-inception-features,1000,3,10000,0,0,100.0,0.253,"[6, 64, 64]",cifar10-train,50000,True,50000,False,6400000,"[None, None, 'lr', None, None, 'rl', None, None, 'tb', None, None, 'bt']",42,0,outputs/confirmation_m1_separated_seed42/final_metrics.json,50000,0,256,0.02997679077088833,0,0.03222433158755302,0.10737004406827626,0.017806037543483418,0.0032918092456942663,0.00041324680393089796,3523.220904896036
uniform,0.0,"[493191168, 493191168, 501252128, 493191168, 493191168, 501252128, 493191168, 493191168, 501252128, 493191168, 493191168, 501252128]","['softmax_attention', 'softmax_attention', 'gdn2_memory', 'softmax_attention', 'softmax_attention', 'gdn2_memory', 'softmax_attention', 'softmax_attention', 'gdn2_memory', 'softmax_attention', 'softmax_attention', 'gdn2_memory']","analytic dense MACs per image; one multiply-accumulate=1 MAC; includes patch/timestep projections, mixer projections, softmax QK+AV or the operator-equivalent GDN2 state recurrence, FFN, adaLN and output projection; excludes bias, normalization, nonlinear activation, trigonometric embedding and additions",-6.8046796709587625,-0.004149637733611988,-0.006201232082159572,0.010000000000000009,0.018400000000000027,-4.745367914438248e-05,-4.4042766094206515e-05,-14.9386953311041,12,dit-research-clean-fid-features,128,58m38s,143,24.751066856330013,142,142.2475106685633,00m00s,0.0,train,confirmation_m1_separated_seed777,True,2048,clean-fid,0.1.35,clean,54.25713558464247,clean-fid,0.1.35,clean,cifar10-train-32,separated,11.906875648,5.953437824,0.9778724023988858,0.02340931072831154,m1_separated,384,32,1868.1217901404339,0.03631409542228044,100,0,1000,0.0015598328151767667,5953437824,50000,0.8016444444656372,0.00776275061070919,0.7938356995582581,0.8071355819702148,0.8081576228141785,0.7980875372886658,0.3756949007511139,0.07173456251621246,0.4779396951198578,0.3878723680973053,0.33269280195236206,0.3066347539424896,0.3259144425392151,0.012725500389933586,0.3441537618637085,0.323877215385437,0.3164046108722687,0.31913885474205017,0.0609305202960968,0.007959561422467232,0.06097038835287094,0.054704535752534866,0.06024682894349098,0.0672936961054802,1.0,0.0,1.0,1.0,1.0,1.0,0.27754461765289307,0.031078822910785675,0.2766965627670288,0.30895113945007324,0.28789570927619934,0.23995229601860046,0.4133988320827484,0.07587983459234238,0.35590481758117676,0.35784074664115906,0.40569639205932617,0.5257568359375,0.4299620985984802,0.003126525552943349,0.4293009638786316,0.4274998605251312,0.42999422550201416,0.43284502625465393,0.8318073749542236,0.007413196377456188,0.8221341967582703,0.8324119448661804,0.8366615772247314,0.8360111117362976,0.39014530181884766,0.07555244863033295,0.49238625168800354,0.4021123945713043,0.34577441215515137,0.3224942088127136,0.3404511511325836,0.014379188418388367,0.35650792717933655,0.3478199243545532,0.3346376419067383,0.32369565963745117,0.057934727519750595,0.01029237825423479,0.06367386132478714,0.06120491400361061,0.057138487696647644,0.05022071674466133,1.0,0.0,1.0,1.0,1.0,1.0,0.31473252177238464,0.042534105479717255,0.35235396027565,0.3458157777786255,0.30581313371658325,0.25845441222190857,0.3298238515853882,0.04473389685153961,0.2964778542518616,0.30530691146850586,0.3254731595516205,0.38771334290504456,0.4343382716178894,0.02001543715596199,0.46038818359375,0.44027307629585266,0.42356452345848083,0.4139452874660492,0.767363965511322,0.012721109203994274,0.7512217164039612,0.7726410627365112,0.7756311893463135,0.7702586650848389,0.45327264070510864,0.0591001883149147,0.5356867909431458,0.46255382895469666,0.41766369342803955,0.3989415466785431,0.3313964903354645,0.008303473703563213,0.33695319294929504,0.3373413681983948,0.329670250415802,0.32218503952026367,0.0332372821867466,0.02761235460639,0.07331136614084244,0.03504690155386925,0.015477982349693775,0.0097280815243721,1.0,0.0,1.0,1.0,1.0,1.0,0.3385929465293884,0.03942171856760979,0.3799310028553009,0.3640076816082001,0.3219507038593292,0.29093727469444275,0.3391961455345154,0.04428671672940254,0.30490922927856445,0.3099813759326935,0.3404839336872101,0.3973569869995117,0.4881691336631775,0.015569589100778103,0.5097969174385071,0.49072539806365967,0.47841283679008484,0.4741624891757965,0.7676664590835571,0.015071605332195759,0.7459384202957153,0.7646271586418152,0.7791828513145447,0.7806609272956848,0.503171443939209,0.05652501434087753,0.5833442807197571,0.5124033689498901,0.4661005139350891,0.45227664709091187,0.358489066362381,0.023115167394280434,0.3913511633872986,0.36551451683044434,0.3424716889858246,0.3353367745876312,0.04289083927869797,0.032088376581668854,0.08947152644395828,0.049662284553050995,0.020294852554798126,0.012944870628416538,1.0,0.0,1.0,1.0,1.0,1.0,0.12709908187389374,0.03631984069943428,0.17240950465202332,0.12735959887504578,0.10800671577453613,0.1013076901435852,0.2739220857620239,0.01380420383065939,0.25733765959739685,0.27384117245674133,0.28033679723739624,0.28385549783706665,0.4341941177845001,0.0053335088305175304,0.43394431471824646,0.4295112192630768,0.434978187084198,0.4380948841571808,fla,"[2, 5, 8, 11]",100000,"[201326592, 201326592, 209387552, 201326592, 201326592, 209387552, 201326592, 201326592, 209387552, 201326592, 201326592, 209387552]","[1480, 1480, 1480, 1480, 1480, 1480, 1480, 1480, 1480, 1480, 1480, 1480]",17760,6,m0_coupled,13662048,32475208,32475208,2,5360.16015625,5610.0,confirmation,0.6006,Kynkaanniemi-style-kNN-manifold-on-clean-fid-inception-features,1000,3,10000,0,0,100.0,0.2918,"[6, 64, 64]",cifar10-train,50000,True,50000,False,6400000,"[None, None, 'lr', None, None, 'rl', None, None, 'tb', None, None, 'bt']",777,0,outputs/confirmation_m1_separated_seed777/final_metrics.json,50000,0,256,0.029430771246552467,0,0.031018683242797853,0.10311757216755396,0.01784567025210183,0.0032269787280511976,0.0003412080464419327,3520.340638680849
uniform,0.0,"[493191168, 493191168, 501252128, 493191168, 493191168, 501252128, 493191168, 493191168, 501252128, 493191168, 493191168, 501252128]","['softmax_attention', 'softmax_attention', 'gdn2_memory', 'softmax_attention', 'softmax_attention', 'gdn2_memory', 'softmax_attention', 'softmax_attention', 'gdn2_memory', 'softmax_attention', 'softmax_attention', 'gdn2_memory']","analytic dense MACs per image; one multiply-accumulate=1 MAC; includes patch/timestep projections, mixer projections, softmax QK+AV or the operator-equivalent GDN2 state recurrence, FFN, adaLN and output projection; excludes bias, normalization, nonlinear activation, trigonometric embedding and additions",-4.638137888811855,0.00241978384360364,-0.0042395007870294765,0.0017000000000000348,0.030100000000000016,-6.509944796562195e-05,-2.994064688682796e-05,8.71122258901596,12,dit-research-clean-fid-features,128,58m45s,143,24.751066856330013,142,142.2475106685633,00m00s,0.0,train,confirmation_m1_separated_seed9001,True,2048,clean-fid,0.1.35,clean,59.508621630188316,clean-fid,0.1.35,clean,cifar10-train-32,separated,11.906875648,5.953437824,0.9797628816686079,0.01990223303437233,m1_separated,384,32,1863.5690010321682,0.040666479482019076,100,0,1000,0.001712261736375621,5953437824,50000,0.7076952457427979,0.012094205245375633,0.6923200488090515,0.7106180191040039,0.7135431170463562,0.7147836685180664,0.431479275226593,0.1034584641456604,0.5798971056938171,0.4431418478488922,0.3646896481513977,0.33173707127571106,0.3606632649898529,0.01718982309103012,0.38283246755599976,0.3652818500995636,0.3530861437320709,0.340303510427475,0.048491109162569046,0.017182765528559685,0.0678396075963974,0.04257933422923088,0.045108236372470856,0.037866827100515366,1.0,0.0,1.0,1.0,1.0,1.0,0.2915869355201721,0.022410627454519272,0.295019268989563,0.31288278102874756,0.29020917415618896,0.2670459449291229,0.36542195081710815,0.08705077320337296,0.26664090156555176,0.31922462582588196,0.4018208980560303,0.4803391993045807,0.4414031207561493,0.006698313169181347,0.4368479549884796,0.4359099268913269,0.4434541165828705,0.4498521089553833,0.7720076441764832,0.004943470936268568,0.7695742249488831,0.7747586965560913,0.7744860649108887,0.7691469788551331,0.38134101033210754,0.09538839757442474,0.5106002688407898,0.39798712730407715,0.32342928647994995,0.28740355372428894,0.3159894347190857,0.012682100757956505,0.3295150399208069,0.31240808963775635,0.3084721863269806,0.3132297992706299,0.04990063235163689,0.009968929924070835,0.05561664327979088,0.044870492070913315,0.04676910489797592,0.05237853154540062,1.0,0.0,1.0,1.0,1.0,1.0,0.32484209537506104,0.031857311725616455,0.3495182991027832,0.3477431535720825,0.31669169664382935,0.2832540273666382,0.2900703549385071,0.05488774552941322,0.2513546347618103,0.2565682530403137,0.28072571754455566,0.37530431151390076,0.46217694878578186,0.007076920475810766,0.47038862109184265,0.46099111437797546,0.45748913288116455,0.4595904052257538,0.8004774451255798,0.016567420214414597,0.7772366404533386,0.8057828545570374,0.8132695555686951,0.8062365651130676,0.4512304663658142,0.07550233602523804,0.555741548538208,0.46704503893852234,0.40408530831336975,0.37313368916511536,0.33079764246940613,0.019541356712579727,0.3517696261405945,0.34441328048706055,0.31923726201057434,0.30630627274513245,0.05004927143454552,0.034649647772312164,0.10047368705272675,0.04763173684477806,0.025562426075339317,0.024684898555278778,1.0,0.0,1.0,1.0,1.0,1.0,0.3388884365558624,0.05609685555100441,0.391952782869339,0.3741047978401184,0.3291921615600586,0.25620776414871216,0.3194170296192169,0.053428392857313156,0.27596405148506165,0.2898877263069153,0.3168562948703766,0.3985390067100525,0.4822796881198883,0.017214510589838028,0.5066418647766113,0.48126837611198425,0.47048839926719666,0.4698205888271332,0.759473979473114,0.020669931545853615,0.7317468523979187,0.7515962719917297,0.7731387615203857,0.7828791737556458,0.5155613422393799,0.04376590996980667,0.5760921239852905,0.5178017616271973,0.4879891574382782,0.4778613746166229,0.3443683385848999,0.02361753024160862,0.37458881735801697,0.3548176884651184,0.331039696931839,0.31530994176864624,0.06121991574764252,0.03695753589272499,0.1118495985865593,0.0741032063961029,0.037175387144088745,0.0191336777061224,1.0,0.0,1.0,1.0,1.0,1.0,0.18455328047275543,0.026042994111776352,0.20684951543807983,0.17210182547569275,0.17618989944458008,0.18277385830879211,0.3300926387310028,0.030336130410432816,0.31013527512550354,0.34926289319992065,0.33360153436660767,0.3273134231567383,0.41571834683418274,0.010699795559048653,0.4279231131076813,0.4105238914489746,0.41003939509391785,0.4141637682914734,fla,"[2, 5, 8, 11]",100000,"[201326592, 201326592, 209387552, 201326592, 201326592, 209387552, 201326592, 201326592, 209387552, 201326592, 201326592, 209387552]","[1480, 1480, 1480, 1480, 1480, 1480, 1480, 1480, 1480, 1480, 1480, 1480]",17760,6,m0_coupled,13662048,32475208,32475208,2,5360.16015625,5610.0,confirmation,0.6047,Kynkaanniemi-style-kNN-manifold-on-clean-fid-inception-features,1000,3,10000,0,0,100.0,0.3239,"[6, 64, 64]",cifar10-train,50000,True,50000,False,6400000,"[None, None, 'lr', None, None, 'rl', None, None, 'tb', None, None, 'bt']",9001,0,outputs/confirmation_m1_separated_seed9001/final_metrics.json,50000,0,256,0.028890788555145264,0,0.03271372513771057,0.10665446655636028,0.018190759423316695,0.0033900554528310833,0.000338084088569438,3527.1463642830495
uniform,0.0,"[493191168, 493191168, 501252128, 493191168, 493191168, 501252128, 493191168, 493191168, 501252128, 493191168, 493191168, 501252128]","['softmax_attention', 'softmax_attention', 'gdn2_memory', 'softmax_attention', 'softmax_attention', 'gdn2_memory', 'softmax_attention', 'softmax_attention', 'gdn2_memory', 'softmax_attention', 'softmax_attention', 'gdn2_memory']","analytic dense MACs per image; one multiply-accumulate=1 MAC; includes patch/timestep projections, mixer projections, softmax QK+AV or the operator-equivalent GDN2 state recurrence, FFN, adaLN and output projection; excludes bias, normalization, nonlinear activation, trigonometric embedding and additions",-2.1039229604086813,-0.005073340081920175,-0.001785150896058664,0.008599999999999941,-0.003300000000000025,-2.064742147922516e-05,-5.5658596754073336e-05,-18.264024293748662,12,dit-research-clean-fid-features,128,58m37s,143,24.751066856330013,142,142.2475106685633,00m00s,0.0,train,confirmation_m2_adaptive_seed123,True,2048,clean-fid,0.1.35,clean,55.27833344812632,clean-fid,0.1.35,clean,cifar10-train-32,adaptive,11.906875648,5.953437824,0.9774491452813769,0.03424236178398132,m2_adaptive,384,32,1868.2465880576367,0.03690018545438966,100,0,1000,0.0015203789513211947,5953437824,50000,0.7664272785186768,0.016299014911055565,0.7447726130485535,0.771501898765564,0.7775099873542786,0.7718071937561035,0.4364449083805084,0.03752068802714348,0.4901202917098999,0.4420683681964874,0.4131341874599457,0.40067121386528015,0.10759599506855011,0.025218157097697258,0.14272265136241913,0.11354909837245941,0.09455116093158722,0.079642653465271,0.002325884997844696,0.003074073698371649,0.006478522904217243,0.0018447621259838343,0.0005752064753323793,0.0004178822273388505,0.5222957134246826,0.06601104140281677,0.5986218452453613,0.5551299452781677,0.5065257549285889,0.42876529693603516,0.3032805025577545,0.0313902348279953,0.31491395831108093,0.3349946141242981,0.30074021220207214,0.2625207006931305,0.31591033935546875,0.0432770662009716,0.2826029360294342,0.28276437520980835,0.31768304109573364,0.380754679441452,0.42772459983825684,0.014999257400631905,0.44834062457084656,0.43080469965934753,0.41986826062202454,0.41193753480911255,0.7799836993217468,0.018676359206438065,0.7533037662506104,0.7777099609375,0.7946478724479675,0.794078528881073,0.44623398780822754,0.05757307633757591,0.5244500041007996,0.4609106481075287,0.4137361943721771,0.3861244320869446,0.1198749989271164,0.026499241590499878,0.156413272023201,0.127756267786026,0.10471315681934357,0.09075252711772919,0.002549335127696395,0.004009975120425224,0.007916929200291634,0.0015078012365847826,9.878519631456584e-05,0.0006948474911041558,0.5374472737312317,0.058075711131095886,0.6092249751091003,0.5621176362037659,0.5190747380256653,0.4593280255794525,0.3345867991447449,0.033332906663417816,0.3556578457355499,0.35608184337615967,0.3308568000793457,0.29572370648384094,0.27322718501091003,0.03247471898794174,0.25673380494117737,0.25271835923194885,0.2630234956741333,0.3208264112472534,0.4215472638607025,0.02251659706234932,0.45161718130111694,0.42883577942848206,0.41045188903808594,0.39535725116729736,0.7614706158638,0.014136985875666142,0.7454662322998047,0.7707901000976562,0.7723073959350586,0.7571685314178467,0.5002960562705994,0.03585294634103775,0.5490843653678894,0.5056350231170654,0.47911304235458374,0.467547208070755,0.11016073822975159,0.018197664991021156,0.13596601784229279,0.11512850224971771,0.09779105335474014,0.09189973026514053,0.0028760116547346115,0.005189734511077404,0.009972606785595417,0.001399952918291092,6.0265232605161145e-05,8.645415073260665e-05,0.5183109045028687,0.02894533984363079,0.5550562143325806,0.5294802188873291,0.5080974102020264,0.48060745000839233,0.34872671961784363,0.04266352951526642,0.39238423109054565,0.3742099702358246,0.3344983160495758,0.29390203952789307,0.2860047519207001,0.019542882218956947,0.28208810091018677,0.2729718089103699,0.27717724442481995,0.3120412230491638,0.4887703061103821,0.017421448603272438,0.5118562579154968,0.4902407228946686,0.4790165424346924,0.47404974699020386,0.7091067433357239,0.015596363693475723,0.6872721314430237,0.7047224044799805,0.720095157623291,0.7242004871368408,0.5421398282051086,0.0326528400182724,0.5881999731063843,0.5470393300056458,0.5209987759590149,0.5125384330749512,0.1260693371295929,0.03307348117232323,0.17167343199253082,0.1355268955230713,0.10808670520782471,0.08913083374500275,0.004351717885583639,0.006851718295365572,0.014085444621741772,0.003148705465719104,0.00018920899310614914,1.5127423466765322e-05,0.5449656248092651,0.07891031354665756,0.6470687389373779,0.5742377042770386,0.5145143866539001,0.4440908133983612,0.2204190194606781,0.019807012751698494,0.23561879992485046,0.21296420693397522,0.21570788323879242,0.217368945479393,0.2327856868505478,0.013347594998776913,0.24713268876075745,0.24020631611347198,0.22435687482357025,0.2195824384689331,0.4817773401737213,0.007822031155228615,0.49257341027259827,0.4806552231311798,0.4758746922016144,0.4780789613723755,fla,"[2, 5, 8, 11]",100000,"[201326592, 201326592, 209387552, 201326592, 201326592, 209387552, 201326592, 201326592, 209387552, 201326592, 201326592, 209387552]","[1480, 1480, 1480, 1480, 1480, 1480, 1480, 1480, 1480, 1480, 1480, 1480]",17760,6,m0_coupled,13662048,32475208,32475208,2,5360.158203125,5610.0,confirmation,0.6032,Kynkaanniemi-style-kNN-manifold-on-clean-fid-inception-features,1000,3,10000,0,0,100.0,0.3055,"[6, 64, 64]",cifar10-train,50000,True,50000,False,6400000,"[None, None, 'lr', None, None, 'rl', None, None, 'tb', None, None, 'bt']",123,0,outputs/confirmation_m2_adaptive_seed123/final_metrics.json,50000,0,256,0.04582754708826542,0,0.030547362899780273,0.10066843804121017,0.01808343150179749,0.0032472487458703563,0.0003308346938519251,3518.8169133791234
uniform,0.0,"[493191168, 493191168, 501252128, 493191168, 493191168, 501252128, 493191168, 493191168, 501252128, 493191168, 493191168, 501252128]","['softmax_attention', 'softmax_attention', 'gdn2_memory', 'softmax_attention', 'softmax_attention', 'gdn2_memory', 'softmax_attention', 'softmax_attention', 'gdn2_memory', 'softmax_attention', 'softmax_attention', 'gdn2_memory']","analytic dense MACs per image; one multiply-accumulate=1 MAC; includes patch/timestep projections, mixer projections, softmax QK+AV or the operator-equivalent GDN2 state recurrence, FFN, adaLN and output projection; excludes bias, normalization, nonlinear activation, trigonometric embedding and additions",-14.549065711225069,0.0016443649580469843,-0.013350369204630112,0.011099999999999999,0.027299999999999963,-1.864694058895111e-05,-0.00012867982983589404,5.9197135590948164,12,dit-research-clean-fid-features,128,58m45s,143,24.751066856330013,142,142.2475106685633,00m00s,0.0,train,confirmation_m2_adaptive_seed2026,True,2048,clean-fid,0.1.35,clean,70.62232691664576,clean-fid,0.1.35,clean,cifar10-train-32,adaptive,11.906875648,5.953437824,0.9795650400727755,0.01869077794253826,m2_adaptive,384,32,1863.3861161645011,0.05165013466708223,100,0,1000,0.0018961969789191681,5953437824,50000,0.7742181420326233,0.008950343355536461,0.7628904581069946,0.7775907516479492,0.7799766659736633,0.7768411636352539,0.42943161725997925,0.03999363258481026,0.48607754707336426,0.4333617687225342,0.4051247239112854,0.3906552195549011,0.10624042898416519,0.01764744706451893,0.13058410584926605,0.10973866283893585,0.09689923375844955,0.08662156760692596,0.003543831640854478,0.0024187657982110977,0.006823111325502396,0.002462334930896759,0.002107606502249837,0.0026577236130833626,0.5302390456199646,0.04769623279571533,0.5889719724655151,0.5485177636146545,0.5143344402313232,0.46620631217956543,0.2925106883049011,0.019044728949666023,0.29071950912475586,0.30791452527046204,0.29926663637161255,0.271912544965744,0.31441667675971985,0.05049101635813713,0.2716946005821228,0.2765241265296936,0.32115060091018677,0.3908616602420807,0.4238132834434509,0.0196389090269804,0.4514285624027252,0.4260837733745575,0.4122289717197418,0.40428096055984497,0.8316704630851746,0.0055350507609546185,0.8266750574111938,0.8318583369255066,0.8355991244316101,0.8327414393424988,0.44095897674560547,0.04818175733089447,0.5058518052101135,0.4478001594543457,0.41236749291419983,0.39491644501686096,0.12724804878234863,0.030411405488848686,0.16705673933029175,0.13762125372886658,0.11272136121988297,0.08968377113342285,0.005215976387262344,0.004701247438788414,0.011834493838250637,0.003967926371842623,0.0019711991772055626,0.002828385680913925,0.5438441038131714,0.0896785706281662,0.6532398462295532,0.5798712372779846,0.5147483944892883,0.4220309853553772,0.29331767559051514,0.04174215719103813,0.3228287994861603,0.32392922043800354,0.28852379322052,0.23615068197250366,0.3730556070804596,0.03775092214345932,0.3525235950946808,0.3522772192955017,0.3637075126171112,0.42512956261634827,0.43450936675071716,0.02166842669248581,0.46326881647109985,0.43890291452407837,0.42210477590560913,0.4124515950679779,0.7347561120986938,0.015462025068700314,0.7202078700065613,0.7464994192123413,0.7457698583602905,0.7269392013549805,0.5210886597633362,0.03947800025343895,0.5754550099372864,0.5266979336738586,0.4956137239933014,0.4841776192188263,0.10236230492591858,0.01802346482872963,0.12615273892879486,0.10967204719781876,0.09095369279384613,0.08154376596212387,0.002884105546399951,0.006492802873253822,0.01064570527523756,0.0005664897616952658,1.953354149009101e-05,5.388868018485482e-08,0.505595326423645,0.025951355695724487,0.537230908870697,0.5157158970832825,0.4973512291908264,0.4704993665218353,0.2967265248298645,0.042504578828811646,0.3319578766822815,0.32803595066070557,0.2864677309989929,0.23838266730308533,0.2903868854045868,0.02347514033317566,0.29858726263046265,0.27429574728012085,0.2730896472930908,0.31562700867652893,0.5146644115447998,0.022848354652523994,0.5463009476661682,0.5162551403045654,0.49982529878616333,0.4948998987674713,0.7576080560684204,0.014964446425437927,0.7388135194778442,0.7506849765777588,0.7672036290168762,0.7746320962905884,0.5131444931030273,0.031126732006669044,0.5564583539962769,0.5166047215461731,0.49327343702316284,0.48433199524879456,0.11129765212535858,0.030292674899101257,0.15176206827163696,0.12155969440937042,0.09457901865243912,0.0753759816288948,0.00301765906624496,0.005384867079555988,0.010622694157063961,0.0011413106694817543,4.385416559671285e-06,0.0,0.5295425653457642,0.05941477045416832,0.6003080010414124,0.5547752976417542,0.5122160911560059,0.44727516174316406,0.2747877240180969,0.021888401359319687,0.27703630924224854,0.2608214318752289,0.27609825134277344,0.28528812527656555,0.29491376876831055,0.016791213303804398,0.2977411448955536,0.3092106282711029,0.29143181443214417,0.280953973531723,0.45722654461860657,0.010270604863762856,0.4703386425971985,0.45423322916030884,0.4508366584777832,0.4529865086078644,fla,"[2, 5, 8, 11]",100000,"[201326592, 201326592, 209387552, 201326592, 201326592, 209387552, 201326592, 201326592, 209387552, 201326592, 201326592, 209387552]","[1480, 1480, 1480, 1480, 1480, 1480, 1480, 1480, 1480, 1480, 1480, 1480]",17760,6,m0_coupled,13662048,32475208,32475208,2,5360.158203125,5610.0,confirmation,0.6015,Kynkaanniemi-style-kNN-manifold-on-clean-fid-inception-features,1000,3,10000,0,0,100.0,0.2724,"[6, 64, 64]",cifar10-train,50000,True,50000,False,6400000,"[None, None, 'lr', None, None, 'rl', None, None, 'tb', None, None, 'bt']",2026,0,outputs/confirmation_m2_adaptive_seed2026/final_metrics.json,50000,0,256,0.02136518806219101,0,0.033439974957704545,0.10938996910863494,0.01759975275583864,0.003301596590208969,0.0004057066367837405,3526.434133826988
uniform,0.0,"[493191168, 493191168, 501252128, 493191168, 493191168, 501252128, 493191168, 493191168, 501252128, 493191168, 493191168, 501252128]","['softmax_attention', 'softmax_attention', 'gdn2_memory', 'softmax_attention', 'softmax_attention', 'gdn2_memory', 'softmax_attention', 'softmax_attention', 'gdn2_memory', 'softmax_attention', 'softmax_attention', 'gdn2_memory']","analytic dense MACs per image; one multiply-accumulate=1 MAC; includes patch/timestep projections, mixer projections, softmax QK+AV or the operator-equivalent GDN2 state recurrence, FFN, adaLN and output projection; excludes bias, normalization, nonlinear activation, trigonometric embedding and additions",-0.3973283267645229,-0.009169355919196542,-0.0005369913407152344,-0.005600000000000049,-0.008099999999999996,4.055909812450409e-06,-1.8816521763796723e-05,-33.00968187907711,12,dit-research-clean-fid-features,128,58m39s,143,24.751066856330013,142,142.2475106685633,00m00s,0.0,train,confirmation_m2_adaptive_seed42,True,2048,clean-fid,0.1.35,clean,68.04522471763664,clean-fid,0.1.35,clean,cifar10-train-32,adaptive,11.906875648,5.953437824,0.9780403679699844,0.02314290590584278,m2_adaptive,384,32,1868.6489646321543,0.04957147270304173,100,0,1000,0.001728334760549276,5953437824,50000,0.7738279700279236,0.01784399151802063,0.7482215166091919,0.7730314135551453,0.7849961519241333,0.7890183925628662,0.4544273316860199,0.037966810166835785,0.509631335735321,0.4563577473163605,0.4292362928390503,0.422559529542923,0.10827768594026566,0.029918652027845383,0.14802610874176025,0.11811628937721252,0.09614052623510361,0.0711192861199379,0.0022634787019342184,0.0034172942396253347,0.006836563348770142,0.0014625025214627385,0.0005641191964969039,0.00019203458214178681,0.5070914030075073,0.09725304692983627,0.6185770034790039,0.5563383102416992,0.4852994978427887,0.3695114850997925,0.30506110191345215,0.023141581565141678,0.31276223063468933,0.3272643983364105,0.3025059401988983,0.2780374586582184,0.35597464442253113,0.022371862083673477,0.36411410570144653,0.33925268054008484,0.3487008213996887,0.37154021859169006,0.4326613247394562,0.017734257504343987,0.4586174786090851,0.4323595464229584,0.42042988538742065,0.4192497134208679,0.7577390670776367,0.010997173376381397,0.7422358393669128,0.7552499771118164,0.765602171421051,0.767838180065155,0.4491378664970398,0.045085445046424866,0.5107632875442505,0.4604002833366394,0.42280107736587524,0.40283048152923584,0.12054198980331421,0.029186613857746124,0.15953096747398376,0.13158181309700012,0.1057574599981308,0.08554308861494064,0.006832601968199015,0.005810967180877924,0.015587123110890388,0.0069038840010762215,0.002365194261074066,0.0024733159225434065,0.5419390201568604,0.07320494949817657,0.6332558989524841,0.571944534778595,0.5184821486473083,0.4449339509010315,0.34218037128448486,0.0224843118339777,0.3525717854499817,0.3579320013523102,0.34165409207344055,0.31687110662460327,0.2669562101364136,0.0491052009165287,0.24128617346286774,0.23474274575710297,0.25132322311401367,0.339453786611557,0.4437964856624603,0.021504132077097893,0.4730231463909149,0.4502289891242981,0.43206658959388733,0.42001304030418396,0.7306615710258484,0.026946313679218292,0.6915829181671143,0.7281734347343445,0.7488702535629272,0.7539591789245605,0.5464941263198853,0.05076657608151436,0.6162070631980896,0.5632330179214478,0.5153300166130066,0.4915076196193695,0.10650839656591415,0.021975940093398094,0.13543462753295898,0.11655081808567047,0.09399453550577164,0.0802287831902504,0.004935477860271931,0.009340910241007805,0.018011264503002167,0.0017187446355819702,1.6351635849787272e-06,0.0,0.5133730173110962,0.03265375271439552,0.5534197688102722,0.5272936224937439,0.5037421584129333,0.4694376289844513,0.4204479455947876,0.037524860352277756,0.4610702097415924,0.4444601535797119,0.4013586640357971,0.3752508759498596,0.2449808269739151,0.021048281341791153,0.24769410490989685,0.2269718497991562,0.23577980697155,0.2690739929676056,0.5280023217201233,0.03074912168085575,0.5705810189247131,0.5372895002365112,0.5094185471534729,0.4949008822441101,0.7261872887611389,0.028351865708827972,0.687699019908905,0.7146912813186646,0.7450425028800964,0.7571538090705872,0.5035668015480042,0.03292958438396454,0.5495181679725647,0.5045249462127686,0.4833716154098511,0.47692254185676575,0.11655790358781815,0.03512342646718025,0.16304612159729004,0.13025754690170288,0.09956323355436325,0.07367754727602005,0.005863678175956011,0.0092536099255085,0.019397255033254623,0.0038959388621151447,0.00015685248945374042,4.0239425125321304e-09,0.5190246105194092,0.08488478511571884,0.6182928681373596,0.5600409507751465,0.49846023321151733,0.40045398473739624,0.17319084703922272,0.03040509670972824,0.19369715452194214,0.1532018929719925,0.1650559902191162,0.18058301508426666,0.3244122266769409,0.04073510318994522,0.34758424758911133,0.3599035143852234,0.3110935091972351,0.27950912714004517,0.46128085255622864,0.010462501086294651,0.4738318622112274,0.4573538899421692,0.45537158846855164,0.4585208296775818,fla,"[2, 5, 8, 11]",100000,"[201326592, 201326592, 209387552, 201326592, 201326592, 209387552, 201326592, 201326592, 209387552, 201326592, 201326592, 209387552]","[1480, 1480, 1480, 1480, 1480, 1480, 1480, 1480, 1480, 1480, 1480, 1480]",17760,6,m0_coupled,13662048,32475208,32475208,2,5360.158203125,5610.0,confirmation,0.5911,Kynkaanniemi-style-kNN-manifold-on-clean-fid-inception-features,1000,3,10000,0,0,100.0,0.2584,"[6, 64, 64]",cifar10-train,50000,True,50000,False,6400000,"[None, None, 'lr', None, None, 'rl', None, None, 'tb', None, None, 'bt']",42,0,outputs/confirmation_m2_adaptive_seed42/final_metrics.json,50000,0,256,0.029966464266180992,0,0.03221563483774662,0.10735906022105762,0.017808990889104155,0.0032839536845912743,0.00039449650093841606,3520.945314286044
uniform,0.0,"[493191168, 493191168, 501252128, 493191168, 493191168, 501252128, 493191168, 493191168, 501252128, 493191168, 493191168, 501252128]","['softmax_attention', 'softmax_attention', 'gdn2_memory', 'softmax_attention', 'softmax_attention', 'gdn2_memory', 'softmax_attention', 'softmax_attention', 'gdn2_memory', 'softmax_attention', 'softmax_attention', 'gdn2_memory']","analytic dense MACs per image; one multiply-accumulate=1 MAC; includes patch/timestep projections, mixer projections, softmax QK+AV or the operator-equivalent GDN2 state recurrence, FFN, adaLN and output projection; excludes bias, normalization, nonlinear activation, trigonometric embedding and additions",-6.663331567959176,-0.00393363743722952,-0.005968946722873139,0.010299999999999976,0.023800000000000043,8.145347237586975e-06,-4.564391374587903e-05,-14.161094463896006,12,dit-research-clean-fid-features,128,58m39s,143,24.751066856330013,142,142.2475106685633,00m00s,0.0,train,confirmation_m2_adaptive_seed777,True,2048,clean-fid,0.1.35,clean,54.398483687642056,clean-fid,0.1.35,clean,cifar10-train-32,adaptive,11.906875648,5.953437824,0.9780884026952683,0.023146258667111397,m2_adaptive,384,32,1874.0054703834062,0.03654638078156687,100,0,1000,0.001528944523850055,5953437824,50000,0.7762390375137329,0.008778884075582027,0.7654436230659485,0.7812973856925964,0.7829363346099854,0.775718629360199,0.413977712392807,0.033309318125247955,0.4623335003852844,0.41534990072250366,0.393005907535553,0.38596123456954956,0.11957772821187973,0.019296811893582344,0.14535601437091827,0.12586836516857147,0.11186821758747101,0.09639983624219894,0.0030473724473267794,0.0023559986148029566,0.005830199457705021,0.0019129758002236485,0.0019228573655709624,0.0024918564595282078,0.5190816521644592,0.05638512223958969,0.5830610394477844,0.5485526919364929,0.5086050629615784,0.44100332260131836,0.2721491754055023,0.03107259050011635,0.27708321809768677,0.3030323088169098,0.2787574529647827,0.2329382300376892,0.4033322334289551,0.04405994340777397,0.3870507478713989,0.3664834499359131,0.389816015958786,0.4648260772228241,0.41237694025039673,0.013326925225555897,0.43134328722953796,0.4118119180202484,0.4046715795993805,0.4019554853439331,0.8031606078147888,0.007591949310153723,0.7969868183135986,0.8088201284408569,0.8082558512687683,0.7991690635681152,0.44788631796836853,0.04921553283929825,0.5152055621147156,0.45637181401252747,0.4182240962982178,0.4031730592250824,0.13072694838047028,0.025356637313961983,0.16181358695030212,0.14349645376205444,0.1216466948390007,0.09775881469249725,0.003948831930756569,0.0033342107199132442,0.008261416107416153,0.0034966154489666224,0.002069638343527913,0.001992929959669709,0.5335425734519958,0.07192376255989075,0.6166178584098816,0.5700544118881226,0.518688976764679,0.434899240732193,0.3144345283508301,0.053993109613657,0.36001089215278625,0.3573084771633148,0.3051796555519104,0.24002844095230103,0.305655300617218,0.03840231895446777,0.2806157171726227,0.27779048681259155,0.30096498131752014,0.359184592962265,0.4379437267780304,0.02659732475876808,0.47440436482429504,0.4436788558959961,0.422306090593338,0.4122881293296814,0.7660454511642456,0.021563299000263214,0.73431396484375,0.767069935798645,0.7823669910430908,0.7803760170936584,0.5133101344108582,0.036164142191410065,0.5641776919364929,0.5214765071868896,0.4900652766227722,0.47862550616264343,0.11181015521287918,0.021084509789943695,0.13971298933029175,0.12136012315750122,0.1004064604640007,0.08687340468168259,0.0037156185135245323,0.006848970893770456,0.01323586143553257,0.001631092163734138,3.0172170227160677e-05,3.8156513504361556e-09,0.5047937631607056,0.03075445257127285,0.5406056046485901,0.5201261639595032,0.49819445610046387,0.4628232419490814,0.35291340947151184,0.02636817656457424,0.3761112093925476,0.36705493927001953,0.3482218384742737,0.32217541337013245,0.28333064913749695,0.03032691963016987,0.2657821774482727,0.2632986307144165,0.2779013216495514,0.3232074975967407,0.4991300702095032,0.021559497341513634,0.5297210216522217,0.5026456117630005,0.48473480343818665,0.4799383580684662,0.7580944895744324,0.025284767150878906,0.7209315896034241,0.7533078789710999,0.7759804725646973,0.7815378308296204,0.506305456161499,0.03234195336699486,0.5523900985717773,0.5103431940078735,0.48593851923942566,0.47739914059638977,0.12818408012390137,0.027950502932071686,0.16598902642726898,0.13806436955928802,0.11488080769777298,0.0953478142619133,0.00785810686647892,0.007844840176403522,0.019506562501192093,0.00720755010843277,0.0026570456102490425,0.0021543698385357857,0.5235984325408936,0.06147279590368271,0.5959848165512085,0.5536393523216248,0.5095865726470947,0.4402428865432739,0.1322111040353775,0.034187886863946915,0.17299234867095947,0.13090728223323822,0.11554349213838577,0.10997383296489716,0.27287137508392334,0.008741036057472229,0.2765871584415436,0.27935922145843506,0.2696332633495331,0.2662142515182495,0.46082615852355957,0.00549587607383728,0.4669455587863922,0.4586648941040039,0.4579862654209137,0.45961880683898926,fla,"[2, 5, 8, 11]",100000,"[201326592, 201326592, 209387552, 201326592, 201326592, 209387552, 201326592, 201326592, 209387552, 201326592, 201326592, 209387552]","[1480, 1480, 1480, 1480, 1480, 1480, 1480, 1480, 1480, 1480, 1480, 1480]",17760,6,m0_coupled,13662048,32475208,32475208,2,5360.158203125,5610.0,confirmation,0.6009,Kynkaanniemi-style-kNN-manifold-on-clean-fid-inception-features,1000,3,10000,0,0,100.0,0.2972,"[6, 64, 64]",cifar10-train,50000,True,50000,False,6400000,"[None, None, 'lr', None, None, 'rl', None, None, 'tb', None, None, 'bt']",777,0,outputs/confirmation_m2_adaptive_seed777/final_metrics.json,50000,0,256,0.029486370272934437,0,0.03101708209514618,0.10309042683683145,0.01782802344989527,0.0032367728498775405,0.0003683876911868514,3521.1182395480573
uniform,0.0,"[493191168, 493191168, 501252128, 493191168, 493191168, 501252128, 493191168, 493191168, 501252128, 493191168, 493191168, 501252128]","['softmax_attention', 'softmax_attention', 'gdn2_memory', 'softmax_attention', 'softmax_attention', 'gdn2_memory', 'softmax_attention', 'softmax_attention', 'gdn2_memory', 'softmax_attention', 'softmax_attention', 'gdn2_memory']","analytic dense MACs per image; one multiply-accumulate=1 MAC; includes patch/timestep projections, mixer projections, softmax QK+AV or the operator-equivalent GDN2 state recurrence, FFN, adaLN and output projection; excludes bias, normalization, nonlinear activation, trigonometric embedding and additions",-0.0050253154532811095,0.0027702073780691006,-2.5747599578948566e-05,0.007500000000000062,0.008500000000000008,-8.25338065624237e-05,2.8097665309902153e-05,9.972747402032837,12,dit-research-clean-fid-features,128,58m47s,143,24.751066856330013,142,142.2475106685633,00m00s,0.0,train,confirmation_m2_adaptive_seed9001,True,2048,clean-fid,0.1.35,clean,64.14173420354689,clean-fid,0.1.35,clean,cifar10-train-32,adaptive,11.906875648,5.953437824,0.9801133052030734,0.017817525193095207,m2_adaptive,384,32,1863.9980314853692,0.044880232669469604,100,0,1000,0.0018423112433153083,5953437824,50000,0.6880109906196594,0.023297207430005074,0.6560677289962769,0.6874984502792358,0.7018976211547852,0.7078791856765747,0.4722316265106201,0.04132688418030739,0.531714916229248,0.4709849953651428,0.4447093605995178,0.43923771381378174,0.10950331389904022,0.03089859150350094,0.15057781338691711,0.11848536878824234,0.09526615589857101,0.07153742015361786,0.003611369524151087,0.004881992470473051,0.009909030981361866,0.002627164591103792,0.0013708444312214851,0.00032698179711587727,0.5233097672462463,0.09633180499076843,0.6373478174209595,0.5657567381858826,0.4955363869667053,0.3875610828399658,0.2901477813720703,0.0234400425106287,0.2963751256465912,0.31440848112106323,0.2850736379623413,0.26333022117614746,0.2421538531780243,0.03802896663546562,0.20272433757781982,0.21686716377735138,0.2546333968639374,0.2972954511642456,0.44394880533218384,0.012438000179827213,0.4607687294483185,0.44096046686172485,0.4358137249946594,0.4377443492412567,0.764914870262146,0.005995131563395262,0.7586100101470947,0.7678316831588745,0.7695074677467346,0.7637848258018494,0.44408437609672546,0.05054285749793053,0.5118584036827087,0.45680147409439087,0.4136488139629364,0.39071664214134216,0.1285315454006195,0.03456621989607811,0.17201001942157745,0.1424977034330368,0.11387453228235245,0.08324411511421204,0.005889411550015211,0.005128862801939249,0.012622724287211895,0.006118917837738991,0.0030159936286509037,0.0015192769933491945,0.5453246235847473,0.1049080565571785,0.6617488265037537,0.5975643396377563,0.5228501558303833,0.3914046287536621,0.31867679953575134,0.035685475915670395,0.3435586988925934,0.3473103642463684,0.3112931549549103,0.2700769305229187,0.29832473397254944,0.03630499169230461,0.28739625215530396,0.2739201486110687,0.28425318002700806,0.34971097111701965,0.4436156153678894,0.026127325370907784,0.47694915533065796,0.4543657898902893,0.42987698316574097,0.411397248506546,0.7789692282676697,0.016003785654902458,0.75747150182724,0.785758376121521,0.7921000719070435,0.7809998989105225,0.5121695399284363,0.047699667513370514,0.5777690410614014,0.5234604477882385,0.4824187159538269,0.4618794918060303,0.11663740128278732,0.02093312330543995,0.14368203282356262,0.1258988231420517,0.10482139140367508,0.09061294049024582,0.006164082791656256,0.009486808441579342,0.019367216154932976,0.0026622379664331675,0.0009711059392429888,0.0012924635084345937,0.5130237936973572,0.023933876305818558,0.5409466028213501,0.5236304998397827,0.5066899061203003,0.4790862798690796,0.32698026299476624,0.05757534131407738,0.38176026940345764,0.3645816743373871,0.31320834159851074,0.24414823949337006,0.28687745332717896,0.03217693418264389,0.2799473702907562,0.2640620768070221,0.27017825841903687,0.33508193492889404,0.48803865909576416,0.03112385980784893,0.5314034223556519,0.49206647276878357,0.46816736459732056,0.4586082100868225,0.7469996213912964,0.02254701778292656,0.7167702913284302,0.7382872104644775,0.761879026889801,0.7726657390594482,0.48622655868530273,0.028473276644945145,0.5261654257774353,0.4881632924079895,0.4681626260280609,0.46073976159095764,0.13218525052070618,0.02557445876300335,0.1649155616760254,0.14292891323566437,0.1197611391544342,0.09926737844944,0.009397241286933422,0.00802082009613514,0.021254755556583405,0.010291335172951221,0.0034472199622541666,0.00209319987334311,0.5219921469688416,0.05075453966856003,0.581132173538208,0.5447671413421631,0.5085783004760742,0.4497861862182617,0.1777077168226242,0.02578437328338623,0.19863617420196533,0.16462673246860504,0.16982749104499817,0.17753010988235474,0.3002813756465912,0.020622657611966133,0.2934281527996063,0.3061859607696533,0.30390095710754395,0.2975803315639496,0.4363960921764374,0.015480325557291508,0.4574485719203949,0.4335385859012604,0.42630070447921753,0.4276154041290283,fla,"[2, 5, 8, 11]",100000,"[201326592, 201326592, 209387552, 201326592, 201326592, 209387552, 201326592, 201326592, 209387552, 201326592, 201326592, 209387552]","[1480, 1480, 1480, 1480, 1480, 1480, 1480, 1480, 1480, 1480, 1480, 1480]",17760,6,m0_coupled,13662048,32475208,32475208,2,5344.572265625,5714.0,confirmation,0.6105,Kynkaanniemi-style-kNN-manifold-on-clean-fid-inception-features,1000,3,10000,0,0,100.0,0.3023,"[6, 64, 64]",cifar10-train,50000,True,50000,False,6400000,"[None, None, 'lr', None, None, 'rl', None, None, 'tb', None, None, 'bt']",9001,0,outputs/confirmation_m2_adaptive_seed9001/final_metrics.json,50000,0,256,0.028873354196548462,0,0.0327717634499073,0.10679493564746555,0.01822668971238183,0.0034103901061495177,0.00037134643529116373,3528.4078890960664
uniform,0.0,"[493191168, 493191168, 501252128, 493191168, 493191168, 501252128, 493191168, 493191168, 501252128, 493191168, 493191168, 501252128]","['softmax_attention', 'softmax_attention', 'gdn2_memory', 'softmax_attention', 'softmax_attention', 'gdn2_memory', 'softmax_attention', 'softmax_attention', 'gdn2_memory', 'softmax_attention', 'softmax_attention', 'gdn2_memory']","analytic dense MACs per image; one multiply-accumulate=1 MAC; includes patch/timestep projections, mixer projections, softmax QK+AV or the operator-equivalent GDN2 state recurrence, FFN, adaLN and output projection; excludes bias, normalization, nonlinear activation, trigonometric embedding and additions",-3.07382781605628,-0.003518061860296351,-0.002523242498089981,0.0020000000000000018,0.0033999999999999586,-7.42301344871521e-05,-6.02663725614537e-05,-12.665023136883974,12,dit-research-clean-fid-features,128,58m43s,143,24.751066856330013,142,142.2475106685633,00m00s,0.0,train,confirmation_ms_static_seed123,True,2048,clean-fid,0.1.35,clean,54.30842859247872,clean-fid,0.1.35,clean,cifar10-train-32,static,11.906875648,5.953437824,0.9790044235030008,0.03406492620706558,ms_static,384,32,1864.8493234498187,0.03616209385235834,100,0,1000,0.0014883254862434255,5953437824,50000,0.7682957053184509,0.015945952385663986,0.7471803426742554,0.7735711336135864,0.7790947556495667,0.7732231020927429,0.4345671832561493,0.03486299142241478,0.4842640459537506,0.439977765083313,0.413213849067688,0.4010053873062134,0.1181560531258583,0.012889730744063854,0.13687460124492645,0.11884671449661255,0.1088017001748085,0.10820848494768143,0.002541342517361045,0.0025994889438152313,0.005932917818427086,0.002076380420476198,0.000959751836489886,0.0012110354145988822,0.5859375,0.0,0.5859375,0.5859375,0.5859375,0.5859375,0.307206928730011,0.030783994123339653,0.31797751784324646,0.338585764169693,0.3051760494709015,0.2671279013156891,0.32906195521354675,0.04424337297677994,0.29592838883399963,0.29481619596481323,0.3298661708831787,0.3958247900009155,0.4305984377861023,0.012403208762407303,0.4475952982902527,0.4317465126514435,0.42411917448043823,0.4189728796482086,0.7840302586555481,0.01777370646595955,0.7588065266609192,0.781650185585022,0.7979924082756042,0.7974839806556702,0.44378358125686646,0.05773809552192688,0.5220280885696411,0.4597318172454834,0.411600798368454,0.3820526897907257,0.13990341126918793,0.014591488055884838,0.16023671627044678,0.1438983827829361,0.1291521191596985,0.1264679878950119,0.0026858861092478037,0.003788240486755967,0.0077575985342264175,0.001552943722344935,0.00028605543775483966,0.001168904360383749,0.625,0.0,0.625,0.625,0.625,0.625,0.33364471793174744,0.03181132301688194,0.35404348373413086,0.3545888662338257,0.33002302050590515,0.29589831829071045,0.272368460893631,0.038399893790483475,0.24921409785747528,0.2464401125907898,0.2638867497444153,0.33032211661338806,0.42047539353370667,0.021911196410655975,0.4504234194755554,0.426203191280365,0.4090134799480438,0.3963424861431122,0.7511140704154968,0.015636440366506577,0.7334675788879395,0.7621004581451416,0.763721764087677,0.7449831366539001,0.5111570358276367,0.039295267313718796,0.5652359127998352,0.5183982849121094,0.48721352219581604,0.4740135073661804,0.12208729982376099,0.013666560873389244,0.1418374925851822,0.12489531934261322,0.11065984517335892,0.11112003773450851,0.0031183063983917236,0.005734034813940525,0.01049178559333086,0.0010512598091736436,0.0003194093587808311,0.0006216284236870706,0.56640625,0.0,0.56640625,0.56640625,0.56640625,0.56640625,0.3517680764198303,0.04279448091983795,0.3970540761947632,0.37630754709243774,0.336561918258667,0.2972480058670044,0.28601589798927307,0.021933117881417274,0.28127607703208923,0.2710995674133301,0.27597153186798096,0.3160145580768585,0.493706613779068,0.019970344379544258,0.520924985408783,0.4955691397190094,0.48187345266342163,0.4765656292438507,0.710555911064148,0.01495847012847662,0.6894516348838806,0.7068843245506287,0.7209490537643433,0.7248146533966064,0.5507132411003113,0.028342928737401962,0.5907718539237976,0.5544473528862,0.5318565964698792,0.5259786248207092,0.13695555925369263,0.016866091638803482,0.1603710949420929,0.14191444218158722,0.12585631012916565,0.11980703473091125,0.004514429252594709,0.0069967517629265785,0.014424958266317844,0.0034173771273344755,0.00023383245570585132,1.5283421817002818e-05,0.625,0.0,0.625,0.625,0.625,0.625,0.21868431568145752,0.01951741613447666,0.23288244009017944,0.21084192395210266,0.21434861421585083,0.216645285487175,0.2505432069301605,0.013132915832102299,0.26229992508888245,0.25902456045150757,0.2438587099313736,0.23710013926029205,0.4737394452095032,0.011205894872546196,0.4894827902317047,0.4726862907409668,0.4664751887321472,0.4663822650909424,fla,"[2, 5, 8, 11]",100000,"[201326592, 201326592, 209387552, 201326592, 201326592, 209387552, 201326592, 201326592, 209387552, 201326592, 201326592, 209387552]","[1480, 1480, 1480, 1480, 1480, 1480, 1480, 1480, 1480, 1480, 1480, 1480]",17760,6,m0_coupled,13662048,32475208,32475208,2,5360.158203125,5610.0,confirmation,0.5966,Kynkaanniemi-style-kNN-manifold-on-clean-fid-inception-features,1000,3,10000,0,0,100.0,0.3122,"[6, 64, 64]",cifar10-train,50000,True,50000,False,6400000,"[None, None, 'lr', None, None, 'rl', None, None, 'tb', None, None, 'bt']",123,0,outputs/confirmation_ms_static_seed123/final_metrics.json,50000,0,256,0.04577396437525749,0,0.030542755123972892,0.10066933974027634,0.01807891887320284,0.0032378437673198242,0.00032551011429157007,3524.415914535988
uniform,0.0,"[493191168, 493191168, 501252128, 493191168, 493191168, 501252128, 493191168, 493191168, 501252128, 493191168, 493191168, 501252128]","['softmax_attention', 'softmax_attention', 'gdn2_memory', 'softmax_attention', 'softmax_attention', 'gdn2_memory', 'softmax_attention', 'softmax_attention', 'gdn2_memory', 'softmax_attention', 'softmax_attention', 'gdn2_memory']","analytic dense MACs per image; one multiply-accumulate=1 MAC; includes patch/timestep projections, mixer projections, softmax QK+AV or the operator-equivalent GDN2 state recurrence, FFN, adaLN and output projection; excludes bias, normalization, nonlinear activation, trigonometric embedding and additions",-13.565504067518816,0.001795151991407562,-0.012504379348428095,0.009000000000000008,0.01730000000000001,-4.197470843791962e-05,-0.00011979779601097723,6.462546969065443,12,dit-research-clean-fid-features,128,58m45s,143,24.751066856330013,142,142.2475106685633,00m00s,0.0,train,confirmation_ms_static_seed2026,True,2048,clean-fid,0.1.35,clean,71.60588856035201,clean-fid,0.1.35,clean,cifar10-train-32,static,11.906875648,5.953437824,0.979715827106136,0.021611934527754784,ms_static,384,32,1868.1149119234133,0.05249612452328425,100,0,1000,0.0019344060406125652,5953437824,50000,0.7649492025375366,0.012246031314134598,0.7488516569137573,0.7692951560020447,0.7721362113952637,0.7701383829116821,0.4422655999660492,0.03987908363342285,0.4988275170326233,0.4481261968612671,0.4169473350048065,0.40263980627059937,0.11892841756343842,0.009696044959127903,0.13262569904327393,0.11900033056735992,0.11253368109464645,0.11096718162298203,0.0034508127719163895,0.0037615932524204254,0.00884705688804388,0.001939115347340703,0.0009832391515374184,0.0018259271746501327,0.6015625,0.0,0.6015625,0.6015625,0.6015625,0.6015625,0.2956903278827667,0.014878814108669758,0.2949436604976654,0.30394676327705383,0.2999950349330902,0.2837349772453308,0.3283199071884155,0.05770634487271309,0.2647293508052826,0.295259565114975,0.34642380475997925,0.41022977232933044,0.4391007721424103,0.013841395266354084,0.45860469341278076,0.43900009989738464,0.4301014244556427,0.42786329984664917,0.8418728113174438,0.006039705593138933,0.8366434574127197,0.842258095741272,0.84627366065979,0.8425110578536987,0.4402421712875366,0.04718787223100662,0.5035159587860107,0.44800078868865967,0.4132661521434784,0.39333102107048035,0.14494629204273224,0.011181850917637348,0.15898984670639038,0.1501186639070511,0.13786450028419495,0.13213758170604706,0.0056651500053703785,0.004308406729251146,0.01155513059347868,0.00546954944729805,0.0023997651878744364,0.002993223024532199,0.62890625,0.0,0.62890625,0.62890625,0.62890625,0.62890625,0.2987939715385437,0.03747926279902458,0.32749229669570923,0.32674601674079895,0.29265642166137695,0.24653832614421844,0.4158642888069153,0.05023945868015289,0.38026902079582214,0.3857461214065552,0.40929538011550903,0.4903997480869293,0.44156599044799805,0.022008908912539482,0.4712863266468048,0.4430960416793823,0.4279216527938843,0.4226629137992859,0.7403059005737305,0.017149033024907112,0.7219933271408081,0.7524355053901672,0.7528977990150452,0.7344458699226379,0.5142925381660461,0.03906135633587837,0.5674784779548645,0.521384060382843,0.4901745617389679,0.47574111819267273,0.10815644264221191,0.011781010776758194,0.1234675720334053,0.1134207621216774,0.09945907443761826,0.09555985778570175,0.0033372759353369474,0.006711134221404791,0.011984470300376415,0.0009789178147912025,4.3538573663681746e-05,4.808529752153845e-07,0.5234375,0.0,0.5234375,0.5234375,0.5234375,0.5234375,0.28494080901145935,0.03990607336163521,0.3159564137458801,0.314842164516449,0.27640166878700256,0.23070620000362396,0.29193150997161865,0.022323185577988625,0.30400779843330383,0.27751392126083374,0.27388283610343933,0.3121698796749115,0.5054683685302734,0.023821545764803886,0.5382089614868164,0.5072325468063354,0.49048304557800293,0.48451825976371765,0.7578919529914856,0.013834396377205849,0.7403392791748047,0.7518903613090515,0.7666493058204651,0.7735260128974915,0.5217577815055847,0.029995037242770195,0.5635783076286316,0.5252746343612671,0.5020443797111511,0.4942934215068817,0.11988544464111328,0.020761733874678612,0.14789491891860962,0.12712045013904572,0.10639140754938126,0.0968301072716713,0.0030735814943909645,0.005375366657972336,0.010774942114949226,0.0012107226066291332,2.229594201708096e-06,0.0,0.59375,0.0,0.59375,0.59375,0.59375,0.59375,0.27614790201187134,0.021459218114614487,0.27600306272506714,0.26233288645744324,0.27883055806159973,0.2876151502132416,0.2862445116043091,0.014764453284442425,0.28941580653190613,0.2969866991043091,0.2832753360271454,0.27501481771469116,0.461990624666214,0.012953264638781548,0.479179322719574,0.4597979187965393,0.45439979434013367,0.4538795053958893,fla,"[2, 5, 8, 11]",100000,"[201326592, 201326592, 209387552, 201326592, 201326592, 209387552, 201326592, 201326592, 209387552, 201326592, 201326592, 209387552]","[1480, 1480, 1480, 1480, 1480, 1480, 1480, 1480, 1480, 1480, 1480, 1480]",17760,6,m0_coupled,13662048,32475208,32475208,2,5360.158203125,5610.0,confirmation,0.5994,Kynkaanniemi-style-kNN-manifold-on-clean-fid-inception-features,1000,3,10000,0,0,100.0,0.2624,"[6, 64, 64]",cifar10-train,50000,True,50000,False,6400000,"[None, None, 'lr', None, None, 'rl', None, None, 'tb', None, None, 'bt']",2026,0,outputs/confirmation_ms_static_seed2026/final_metrics.json,50000,0,256,0.02134186029434204,0,0.03344885699152946,0.10941887277281302,0.0175999937157474,0.0033035565837077033,0.0004093809479873357,3526.9769672369584
uniform,0.0,"[493191168, 493191168, 501252128, 493191168, 493191168, 501252128, 493191168, 493191168, 501252128, 493191168, 493191168, 501252128]","['softmax_attention', 'softmax_attention', 'gdn2_memory', 'softmax_attention', 'softmax_attention', 'gdn2_memory', 'softmax_attention', 'softmax_attention', 'gdn2_memory', 'softmax_attention', 'softmax_attention', 'gdn2_memory']","analytic dense MACs per image; one multiply-accumulate=1 MAC; includes patch/timestep projections, mixer projections, softmax QK+AV or the operator-equivalent GDN2 state recurrence, FFN, adaLN and output projection; excludes bias, normalization, nonlinear activation, trigonometric embedding and additions",0.1528829364460762,-0.0075087997247464955,4.535933139616227e-05,-0.0031999999999999806,-0.005599999999999994,1.8716789782047272e-05,1.124567687511846e-05,-27.03167926822789,12,dit-research-clean-fid-features,128,58m45s,143,24.751066856330013,142,142.2475106685633,00m00s,0.0,train,confirmation_ms_static_seed42,True,2048,clean-fid,0.1.35,clean,68.59543598084724,clean-fid,0.1.35,clean,cifar10-train-32,static,11.906875648,5.953437824,0.9797009241644344,0.021917223930358887,ms_static,384,32,1867.4473497634633,0.050153823375153124,100,0,1000,0.001745675216027739,5953437824,50000,0.7753030061721802,0.01841927319765091,0.7486013770103455,0.7750850319862366,0.7870528697967529,0.7904371619224548,0.4549042880535126,0.0352800115942955,0.5061435103416443,0.45675089955329895,0.43142449855804443,0.425367146730423,0.11456523090600967,0.011036229319870472,0.13066226243972778,0.1159994900226593,0.10755597800016403,0.10408387333154678,0.0020769883412867785,0.00281013292260468,0.005874263122677803,0.00150868680793792,0.0006160869379527867,0.0003102781774941832,0.5703125,0.0,0.5703125,0.5703125,0.5703125,0.5703125,0.30690932273864746,0.022724922746419907,0.31297728419303894,0.3291558623313904,0.3050742745399475,0.2807535231113434,0.3508838415145874,0.022621409967541695,0.3567636013031006,0.33211731910705566,0.3435905873775482,0.3707219660282135,0.4364742040634155,0.017675764858722687,0.46215370297431946,0.43516626954078674,0.4245932996273041,0.4239857494831085,0.7539095878601074,0.00963969063013792,0.7399947643280029,0.7540563344955444,0.7606621384620667,0.7609232664108276,0.444724977016449,0.053101569414138794,0.5159294605255127,0.462715208530426,0.41459259390830994,0.38601723313331604,0.13862870633602142,0.016659803688526154,0.1608002632856369,0.14609985053539276,0.1277746856212616,0.11994528770446777,0.006756342947483063,0.004930874798446894,0.014073842205107212,0.005735024344176054,0.0030451433267444372,0.004156543407589197,0.63671875,0.0,0.63671875,0.63671875,0.63671875,0.63671875,0.3335643708705902,0.02429843135178089,0.34593257308006287,0.35121622681617737,0.333393394947052,0.3040766417980194,0.26930180191993713,0.050501566380262375,0.2427251785993576,0.23474375903606415,0.2533626854419708,0.34530994296073914,0.4408535063266754,0.023173434659838676,0.4725344777107239,0.4479406774044037,0.42748984694480896,0.4155953526496887,0.7337146997451782,0.029202116653323174,0.6913127899169922,0.7315531969070435,0.7530103921890259,0.7589148879051208,0.5409015417098999,0.050534751266241074,0.6100088953971863,0.5580800175666809,0.5100385546684265,0.4857857823371887,0.1101740226149559,0.014963699504733086,0.12903037667274475,0.11843150109052658,0.10096339136362076,0.09238637238740921,0.004716137424111366,0.009014471434056759,0.01715194247663021,0.0016977019840851426,5.299902113620192e-06,8.047885025064261e-09,0.5390625,0.0,0.5390625,0.5390625,0.5390625,0.5390625,0.42793792486190796,0.03297683969140053,0.4633721113204956,0.4490128457546234,0.4104191064834595,0.3892352283000946,0.24538707733154297,0.019897928461432457,0.2490941286087036,0.2286490499973297,0.23582427203655243,0.2675970494747162,0.5229140520095825,0.03178613260388374,0.5669870376586914,0.5320112109184265,0.503764271736145,0.4890754818916321,0.7251613736152649,0.026148132979869843,0.6900177597999573,0.7139145731925964,0.742365300655365,0.7541880011558533,0.5113456845283508,0.02974410355091095,0.5527702569961548,0.5121573209762573,0.49261346459388733,0.4878934323787689,0.13407470285892487,0.018579917028546333,0.15878625214099884,0.142302468419075,0.12258739024400711,0.11275125294923782,0.006708745379000902,0.008843909949064255,0.019897280260920525,0.0057875653728842735,0.0010920633794739842,6.579951150342822e-05,0.59765625,0.0,0.59765625,0.59765625,0.59765625,0.59765625,0.1707150787115097,0.029559452086687088,0.18868659436702728,0.15040981769561768,0.1632467359304428,0.18027539551258087,0.32025206089019775,0.03518357872962952,0.336308091878891,0.3494686186313629,0.3122079372406006,0.28341588377952576,0.4589695334434509,0.01207632664591074,0.47405514121055603,0.45543837547302246,0.4524245262145996,0.45393314957618713,fla,"[2, 5, 8, 11]",100000,"[201326592, 201326592, 209387552, 201326592, 201326592, 209387552, 201326592, 201326592, 209387552, 201326592, 201326592, 209387552]","[1480, 1480, 1480, 1480, 1480, 1480, 1480, 1480, 1480, 1480, 1480, 1480]",17760,6,m0_coupled,13662048,32475208,32475208,2,5360.158203125,5610.0,confirmation,0.5935,Kynkaanniemi-style-kNN-manifold-on-clean-fid-inception-features,1000,3,10000,0,0,100.0,0.2609,"[6, 64, 64]",cifar10-train,50000,True,50000,False,6400000,"[None, None, 'lr', None, None, 'rl', None, None, 'tb', None, None, 'bt']",42,0,outputs/confirmation_ms_static_seed42/final_metrics.json,50000,0,256,0.02998112514615059,0,0.03224569703638554,0.10744333157627035,0.01782310692520264,0.003292937353795006,0.00040728338869565605,3526.923316896893
uniform,0.0,"[493191168, 493191168, 501252128, 493191168, 493191168, 501252128, 493191168, 493191168, 501252128, 493191168, 493191168, 501252128]","['softmax_attention', 'softmax_attention', 'gdn2_memory', 'softmax_attention', 'softmax_attention', 'gdn2_memory', 'softmax_attention', 'softmax_attention', 'gdn2_memory', 'softmax_attention', 'softmax_attention', 'gdn2_memory']","analytic dense MACs per image; one multiply-accumulate=1 MAC; includes patch/timestep projections, mixer projections, softmax QK+AV or the operator-equivalent GDN2 state recurrence, FFN, adaLN and output projection; excludes bias, normalization, nonlinear activation, trigonometric embedding and additions",-8.096788888598894,-0.0029537781947550634,-0.007114422326556923,0.012499999999999956,0.027900000000000036,3.0526891350746155e-05,-6.344782114028891e-05,-10.633601160952821,12,dit-research-clean-fid-features,128,58m43s,143,24.751066856330013,142,142.2475106685633,00m00s,0.0,train,confirmation_ms_static_seed777,True,2048,clean-fid,0.1.35,clean,52.96502636700234,clean-fid,0.1.35,clean,cifar10-train-32,static,11.906875648,5.953437824,0.9790682619377428,0.023516036570072174,ms_static,384,32,1862.4512349052332,0.03540090517788309,100,0,1000,0.0015307201592379975,5953437824,50000,0.7785112857818604,0.008235902525484562,0.7689123749732971,0.7839592695236206,0.7846435904502869,0.7770067453384399,0.41328319907188416,0.03176901862025261,0.45927390456199646,0.4153105616569519,0.3936110734939575,0.38572239875793457,0.13440009951591492,0.00736062228679657,0.14508135616779327,0.1348569095134735,0.12945090234279633,0.12834836542606354,0.003438393585383892,0.0020263211335986853,0.005696992855519056,0.002192097483202815,0.00255574774928391,0.003264110302552581,0.58203125,0.0,0.58203125,0.58203125,0.58203125,0.58203125,0.27243924140930176,0.029920052736997604,0.2748088240623474,0.30165380239486694,0.27989858388900757,0.2364308089017868,0.418946772813797,0.04649452865123749,0.4029005467891693,0.3807586431503296,0.4041063189506531,0.4826369285583496,0.41708943247795105,0.010515774600207806,0.43171262741088867,0.4149894714355469,0.41068682074546814,0.4110119342803955,0.8007575273513794,0.0077589103020727634,0.7927907109260559,0.8057198524475098,0.8065506815910339,0.798477292060852,0.4581308364868164,0.04835771769285202,0.5238491296768188,0.46726271510124207,0.429138720035553,0.41372257471084595,0.1552390605211258,0.011053178459405899,0.1689554899930954,0.16081254184246063,0.1491612195968628,0.142579585313797,0.005714480299502611,0.0027976897545158863,0.0090694110840559,0.0049753328785300255,0.004133888520300388,0.00465841731056571,0.640625,0.0,0.640625,0.640625,0.640625,0.640625,0.31741759181022644,0.053404610604047775,0.36201855540275574,0.35984113812446594,0.30941450595855713,0.24323789775371552,0.3082044720649719,0.039253246039152145,0.2830067276954651,0.27822425961494446,0.30418041348457336,0.3632628321647644,0.443512499332428,0.02353014051914215,0.4762166440486908,0.4469555914402008,0.428891658782959,0.4226090610027313,0.7679863572120667,0.020867954939603806,0.7373607158660889,0.7702069282531738,0.7841492891311646,0.780308723449707,0.5029910206794739,0.037662994116544724,0.5559802055358887,0.5111631751060486,0.4790495038032532,0.46693021059036255,0.11401620507240295,0.014645448885858059,0.13356487452983856,0.1205865815281868,0.10474835336208344,0.09778738766908646,0.0039360555820167065,0.0069215805269777775,0.013738514855504036,0.0019359559519216418,9.179885819321498e-05,1.796790093067102e-05,0.5234375,0.0,0.5234375,0.5234375,0.5234375,0.5234375,0.3439828157424927,0.02800416387617588,0.3705343008041382,0.3593343496322632,0.33725541830062866,0.3107779026031494,0.28828760981559753,0.0307751577347517,0.27548953890800476,0.2670198678970337,0.27933168411254883,0.3279843330383301,0.49084413051605225,0.024643998593091965,0.5259414911270142,0.49460017681121826,0.47446349263191223,0.4689639210700989,0.7586597204208374,0.02572876214981079,0.721177875995636,0.7528926730155945,0.7764400243759155,0.7834076285362244,0.5062000155448914,0.02882462367415428,0.547166109085083,0.5098411440849304,0.4879480004310608,0.4805859625339508,0.14397743344306946,0.01528056338429451,0.16532780230045319,0.14901666343212128,0.134185329079628,0.12795056402683258,0.007424480281770229,0.007218486163765192,0.018244434148073196,0.0071906899102032185,0.002534953411668539,0.0018331001047044992,0.58203125,0.0,0.58203125,0.58203125,0.58203125,0.58203125,0.13649730384349823,0.03511463478207588,0.17810089886188507,0.13540998101234436,0.11951787769794464,0.11356384307146072,0.2630807161331177,0.008767419494688511,0.2674318850040436,0.2691541314125061,0.2602841854095459,0.255824476480484,0.45303162932395935,0.005522923078387976,0.4587981402873993,0.45027321577072144,0.4507225751876831,0.4522414803504944,fla,"[2, 5, 8, 11]",100000,"[201326592, 201326592, 209387552, 201326592, 201326592, 209387552, 201326592, 201326592, 209387552, 201326592, 201326592, 209387552]","[1480, 1480, 1480, 1480, 1480, 1480, 1480, 1480, 1480, 1480, 1480, 1480]",17760,6,m0_coupled,13662048,32475208,32475208,2,5360.158203125,5610.0,confirmation,0.6031,Kynkaanniemi-style-kNN-manifold-on-clean-fid-inception-features,1000,3,10000,0,0,100.0,0.3013,"[6, 64, 64]",cifar10-train,50000,True,50000,False,6400000,"[None, None, 'lr', None, None, 'rl', None, None, 'tb', None, None, 'bt']",777,0,outputs/confirmation_ms_static_seed777/final_metrics.json,50000,0,256,0.029508751817047596,0,0.03099927818775177,0.10305770925986461,0.01781652479955595,0.0032233682430249677,0.0003547905251516179,3524.6457328510005
uniform,0.0,"[493191168, 493191168, 501252128, 493191168, 493191168, 501252128, 493191168, 493191168, 501252128, 493191168, 493191168, 501252128]","['softmax_attention', 'softmax_attention', 'gdn2_memory', 'softmax_attention', 'softmax_attention', 'gdn2_memory', 'softmax_attention', 'softmax_attention', 'gdn2_memory', 'softmax_attention', 'softmax_attention', 'gdn2_memory']","analytic dense MACs per image; one multiply-accumulate=1 MAC; includes patch/timestep projections, mixer projections, softmax QK+AV or the operator-equivalent GDN2 state recurrence, FFN, adaLN and output projection; excludes bias, normalization, nonlinear activation, trigonometric embedding and additions",-0.03260440158413758,0.0021965842330570196,-0.0001384712876064259,0.006800000000000028,0.012299999999999978,-3.301352262496948e-05,1.7690670490261295e-05,7.907703450182453,12,dit-research-clean-fid-features,128,58m44s,143,24.751066856330013,142,142.2475106685633,00m00s,0.0,train,confirmation_ms_static_seed9001,True,2048,clean-fid,0.1.35,clean,64.11415511741603,clean-fid,0.1.35,clean,cifar10-train-32,static,11.906875648,5.953437824,0.9795396820580613,0.018701467663049698,ms_static,384,32,1867.2515597386932,0.044767508981442126,100,0,1000,0.0018313324993137106,5953437824,50000,0.6873456835746765,0.02460799366235733,0.65321284532547,0.6863054037094116,0.702141284942627,0.7091369032859802,0.4668515622615814,0.038151808083057404,0.5219154953956604,0.46620097756385803,0.4412388801574707,0.4359182119369507,0.12340664118528366,0.011852690950036049,0.14022763073444366,0.12538181245326996,0.11574950069189072,0.11150575429201126,0.0036910076159983873,0.004497099667787552,0.009471597149968147,0.00282165571115911,0.0014015757478773594,0.000877642014529556,0.60546875,0.0,0.60546875,0.60546875,0.60546875,0.60546875,0.28882771730422974,0.022949542850255966,0.2930904030799866,0.3127739727497101,0.2846633195877075,0.2634730339050293,0.2355930656194687,0.022116634994745255,0.21304883062839508,0.22101518511772156,0.2428247481584549,0.2671486735343933,0.4417663812637329,0.01295844092965126,0.4585931599140167,0.4372502863407135,0.4338005781173706,0.436985582113266,0.7684927582740784,0.0054591502994298935,0.7624834179878235,0.7710034251213074,0.7730771899223328,0.7674865126609802,0.4487456977367401,0.05345481261610985,0.520171046257019,0.4637622535228729,0.4168650805950165,0.39061054587364197,0.15412303805351257,0.012486501596868038,0.17113319039344788,0.1575566828250885,0.14459440112113953,0.1423988938331604,0.005065198056399822,0.004055763129144907,0.010420930571854115,0.004570512566715479,0.002702302299439907,0.0023785955272614956,0.65234375,0.0,0.65234375,0.65234375,0.65234375,0.65234375,0.30895838141441345,0.03503099083900452,0.33429303765296936,0.3359827697277069,0.30194440484046936,0.2611962556838989,0.29057788848876953,0.04288144409656525,0.2741028368473053,0.2610408365726471,0.2757164239883423,0.3539654612541199,0.45155036449432373,0.02361295558512211,0.48318901658058167,0.4588863253593445,0.43718263506889343,0.42533114552497864,0.7826180458068848,0.017002427950501442,0.7587886452674866,0.7884383201599121,0.7961167097091675,0.7877336144447327,0.505873441696167,0.047737766057252884,0.5712361335754395,0.5170159339904785,0.4761946201324463,0.4559140205383301,0.12408271431922913,0.016976580023765564,0.14584305882453918,0.13196039199829102,0.11366571485996246,0.10362252593040466,0.006325363181531429,0.009070221334695816,0.019107451662421227,0.0029048342257738113,0.001230698893778026,0.0017094537615776062,0.55078125,0.0,0.55078125,0.55078125,0.55078125,0.55078125,0.33590757846832275,0.054807938635349274,0.38821667432785034,0.3720552623271942,0.32280707359313965,0.2565065622329712,0.2844128906726837,0.029643738642334938,0.2791416645050049,0.2639848589897156,0.268334299325943,0.3277423083782196,0.47764021158218384,0.031142765656113625,0.5206712484359741,0.4814552664756775,0.457882285118103,0.44866737723350525,0.7442188262939453,0.020547011867165565,0.7167425751686096,0.7366153597831726,0.7573074698448181,0.7676604986190796,0.4851781129837036,0.02966434136033058,0.5269003510475159,0.4861948490142822,0.4657437205314636,0.46018359065055847,0.14356142282485962,0.013619390316307545,0.1609717160463333,0.149838387966156,0.13552430272102356,0.12691575288772583,0.009288945235311985,0.00736537529155612,0.020093074068427086,0.010280639864504337,0.004045586567372084,0.002266685711219907,0.5703125,0.0,0.5703125,0.5703125,0.5703125,0.5703125,0.17070229351520538,0.02714020013809204,0.19604134559631348,0.15922535955905914,0.16015326976776123,0.1669374257326126,0.30044859647750854,0.020296920090913773,0.2963879108428955,0.3077525496482849,0.3014710545539856,0.29599764943122864,0.4326081871986389,0.018391747027635574,0.45782601833343506,0.42980390787124634,0.4208013415336609,0.42114999890327454,fla,"[2, 5, 8, 11]",100000,"[201326592, 201326592, 209387552, 201326592, 201326592, 209387552, 201326592, 201326592, 209387552, 201326592, 201326592, 209387552]","[1480, 1480, 1480, 1480, 1480, 1480, 1480, 1480, 1480, 1480, 1480, 1480]",17760,6,m0_coupled,13662048,32475208,32475208,2,5360.158203125,5610.0,confirmation,0.6098,Kynkaanniemi-style-kNN-manifold-on-clean-fid-inception-features,1000,3,10000,0,0,100.0,0.3061,"[6, 64, 64]",cifar10-train,50000,True,50000,False,6400000,"[None, None, 'lr', None, None, 'rl', None, None, 'tb', None, None, 'bt']",9001,0,outputs/confirmation_ms_static_seed9001/final_metrics.json,50000,0,256,0.028922874480485916,0,0.03276135645508766,0.1067493699801221,0.01823142631088986,0.0034120751239160615,0.0003695697600305571,3526.342845144216
